x1,y1,z1,x2,y2,z2
1589113.94878,6804011.42846,0.0,1589113.61112,6804010.61854,0.0
1589113.61112,6804010.61854,0.0,1589111.37381,6804011.56764,-2.22044604925e-16
1589147.78180,6803996.95129,2.22044604925e-16,1589124.53112,6804006.84854,0.0
1589124.53112,6804006.84854,0.0,1589126.17070,6804010.76781,-1.11022302463e-16
1589145.02044,6803916.47742,0.0,1589141.96112,6803919.24854,0.0
1589141.96112,6803919.24854,0.0,1589136.05112,6803924.59854,0.0
1589136.05112,6803924.59854,0.0,1589130.75112,6803929.38854,0.0
1589130.75112,6803929.38854,0.0,1589134.64112,6803933.65854,0.0
1589134.64112,6803933.65854,0.0,1589139.19112,6803938.66854,0.0
1589139.19112,6803938.66854,0.0,1589146.04043,6803946.20278,2.49800180541e-16
1589141.99052,6803828.17669,-2.22044604925e-16,1589137.74112,6803832.04854,0.0
1589137.74112,6803832.04854,0.0,1589133.06112,6803836.30854,0.0
1589133.06112,6803836.30854,0.0,1589127.97112,6803840.94854,0.0
1589127.97112,6803840.94854,0.0,1589142.99242,6803857.37503,8.881784197e-16
1589071.49131,6804013.72345,-6.93889390391e-18,1589071.39112,6804012.89854,0.0
1589071.39112,6804012.89854,0.0,1589061.38929,6804014.26951,0.0
1589140.02959,6803771.02981,4.4408920985e-16,1589120.77378,6803791.52055,4.4408920985e-16
1589120.77378,6803791.52055,4.4408920985e-16,1589135.46112,6803805.44854,-4.4408920985e-16
1589135.46112,6803805.44854,-4.4408920985e-16,1589141.00975,6803799.59442,4.4408920985e-16
1589120.77378,6803791.52055,4.4408920985e-16,1589120.76112,6803791.50854,-4.4408920985e-16
1589120.76112,6803791.53403,4.4408920985e-16,1589120.77378,6803791.52055,4.4408920985e-16
1589121.11199,6803743.70135,-3.33066907388e-16,1589097.08378,6803769.27055,-4.4408920985e-16
1589097.08378,6803769.27055,-4.4408920985e-16,1589111.77112,6803783.19854,-4.4408920985e-16
1589111.77112,6803783.19854,-4.4408920985e-16,1589139.44526,6803754.00075,-4.4408920985e-16
1589093.60185,6803749.93517,-8.32667268469e-16,1589095.91112,6803752.13854,-4.4408920985e-16
1589095.91112,6803752.13854,-4.4408920985e-16,1589099.32379,6803748.63857,0.0
1588875.97006,6803799.25075,1.38777878078e-16,1588876.27112,6803800.38854,1.11022302463e-16
1588876.27112,6803800.38854,1.11022302463e-16,1588902.39112,6803793.50854,1.11022302463e-16
1588902.39112,6803793.50854,1.11022302463e-16,1588902.32965,6803793.27764,1.11022302463e-16
1589133.57112,6803956.23854,0.0,1589083.59112,6803966.41854,0.0
1589083.59112,6803966.41854,0.0,1589085.02112,6803973.97854,0.0
1589085.02112,6803973.97854,0.0,1589085.03112,6803973.97854,0.0
1589085.03112,6803973.97854,0.0,1589086.29112,6803980.15854,0.0
1589086.29112,6803980.15854,0.0,1589087.90112,6803987.99854,0.0
1589087.90112,6803987.99854,0.0,1589137.97112,6803977.92854,0.0
1589137.97112,6803977.92854,0.0,1589136.48112,6803970.04854,0.0
1589136.48112,6803970.04854,0.0,1589135.20112,6803963.86854,0.0
1589135.20112,6803963.86854,0.0,1589133.57112,6803956.23854,0.0
1589070.89112,6803904.13854,0.0,1589077.89112,6803954.52854,0.0
1589077.89112,6803954.52854,0.0,1589085.63112,6803953.47854,0.0
1589085.63112,6803953.47854,0.0,1589092.22112,6803952.58854,0.0
1589092.22112,6803952.58854,0.0,1589100.04112,6803951.52854,0.0
1589100.04112,6803951.52854,0.0,1589093.18112,6803900.92854,0.0
1589093.18112,6803900.92854,0.0,1589085.24112,6803902.06854,0.0
1589085.24112,6803902.06854,0.0,1589078.57112,6803903.02854,0.0
1589078.57112,6803903.02854,0.0,1589070.89112,6803904.13854,0.0
1589061.40112,6803834.35854,0.0,1589062.36112,6803841.36854,0.0
1589062.36112,6803841.36854,0.0,1589063.21112,6803847.58854,0.0
1589063.21112,6803847.58854,0.0,1589064.16112,6803854.50854,0.0
1589064.16112,6803854.50854,0.0,1589118.29112,6803847.16854,0.0
1589118.29112,6803847.16854,0.0,1589117.29112,6803839.83854,0.0
1589117.29112,6803839.83854,0.0,1589116.50112,6803834.08854,0.0
1589116.50112,6803834.08854,0.0,1589115.53112,6803826.97854,0.0
1589115.53112,6803826.97854,0.0,1589109.94112,6803827.73854,0.0
1589109.94112,6803827.73854,0.0,1589102.74112,6803828.71854,0.0
1589102.74112,6803828.71854,0.0,1589092.11112,6803830.16854,0.0
1589092.11112,6803830.16854,0.0,1589084.92112,6803831.14854,0.0
1589084.92112,6803831.14854,0.0,1589074.04112,6803832.63854,0.0
1589074.04112,6803832.63854,0.0,1589066.90112,6803833.60854,0.0
1589066.90112,6803833.60854,0.0,1589061.40112,6803834.35854,0.0
1588929.91112,6803816.68854,-4.4408920985e-16,1588929.65112,6803817.14854,-4.4408920985e-16
1588929.65112,6803817.14854,-4.4408920985e-16,1588923.16112,6803819.01854,4.4408920985e-16
1588923.16112,6803819.01854,4.4408920985e-16,1588924.05112,6803822.09854,4.4408920985e-16
1588924.05112,6803822.09854,4.4408920985e-16,1588923.42112,6803822.27854,4.4408920985e-16
1588923.42112,6803822.27854,4.4408920985e-16,1588924.42112,6803825.74854,-4.4408920985e-16
1588924.42112,6803825.74854,-4.4408920985e-16,1588925.90112,6803825.32854,-4.4408920985e-16
1588925.90112,6803825.32854,-4.4408920985e-16,1588927.62112,6803831.26854,-4.4408920985e-16
1588927.62112,6803831.26854,-4.4408920985e-16,1588933.43112,6803829.58854,4.4408920985e-16
1588933.43112,6803829.58854,4.4408920985e-16,1588933.64112,6803830.32854,-4.4408920985e-16
1588933.64112,6803830.32854,-4.4408920985e-16,1588937.00112,6803829.36854,4.4408920985e-16
1588937.00112,6803829.36854,4.4408920985e-16,1588936.51112,6803827.67854,-4.4408920985e-16
1588936.51112,6803827.67854,-4.4408920985e-16,1588939.66112,6803826.76854,-4.4408920985e-16
1588939.66112,6803826.76854,-4.4408920985e-16,1588940.19112,6803828.59854,-4.4408920985e-16
1588940.19112,6803828.59854,-4.4408920985e-16,1588943.56112,6803827.61854,4.4408920985e-16
1588943.56112,6803827.61854,4.4408920985e-16,1588943.33112,6803826.80854,-4.4408920985e-16
1588943.33112,6803826.80854,-4.4408920985e-16,1588949.13112,6803825.12854,-4.4408920985e-16
1588949.13112,6803825.12854,-4.4408920985e-16,1588947.49112,6803819.46854,4.4408920985e-16
1588947.49112,6803819.46854,4.4408920985e-16,1588949.08112,6803819.00854,-4.4408920985e-16
1588949.08112,6803819.00854,-4.4408920985e-16,1588948.12112,6803815.67854,-4.4408920985e-16
1588948.12112,6803815.67854,-4.4408920985e-16,1588947.45112,6803815.87854,4.4408920985e-16
1588947.45112,6803815.87854,4.4408920985e-16,1588946.49112,6803812.55854,-4.4408920985e-16
1588946.49112,6803812.55854,-4.4408920985e-16,1588940.19112,6803814.36854,-4.4408920985e-16
1588940.19112,6803814.36854,-4.4408920985e-16,1588939.63112,6803813.82854,-4.4408920985e-16
1588939.63112,6803813.82854,-4.4408920985e-16,1588939.05112,6803813.96854,-4.4408920985e-16
1588939.05112,6803813.96854,-4.4408920985e-16,1588938.93112,6803813.53854,-8.881784197e-16
1588938.93112,6803813.53854,-8.881784197e-16,1588938.10112,6803810.41854,-8.881784197e-16
1588938.10112,6803810.41854,-8.881784197e-16,1588938.03112,6803810.15854,4.4408920985e-16
1588938.03112,6803810.15854,4.4408920985e-16,1588937.95112,6803809.83854,4.4408920985e-16
1588937.95112,6803809.83854,4.4408920985e-16,1588938.44112,6803809.67854,-4.4408920985e-16
1588938.44112,6803809.67854,-4.4408920985e-16,1588938.73112,6803808.75854,-4.4408920985e-16
1588938.73112,6803808.75854,-4.4408920985e-16,1588945.17112,6803807.29854,-4.4408920985e-16
1588945.17112,6803807.29854,-4.4408920985e-16,1588944.22112,6803803.89854,-4.4408920985e-16
1588944.22112,6803803.89854,-4.4408920985e-16,1588944.99112,6803803.68854,-4.4408920985e-16
1588944.99112,6803803.68854,-4.4408920985e-16,1588944.06112,6803800.35854,-4.4408920985e-16
1588944.06112,6803800.35854,-4.4408920985e-16,1588942.43112,6803800.81854,-4.4408920985e-16
1588942.43112,6803800.81854,-4.4408920985e-16,1588940.81112,6803795.02854,-4.4408920985e-16
1588940.81112,6803795.02854,-4.4408920985e-16,1588935.01112,6803796.64854,4.4408920985e-16
1588935.01112,6803796.64854,4.4408920985e-16,1588934.79112,6803795.85854,-4.4408920985e-16
1588934.79112,6803795.85854,-4.4408920985e-16,1588931.34112,6803796.82854,4.4408920985e-16
1588931.34112,6803796.82854,4.4408920985e-16,1588931.81112,6803798.53854,4.4408920985e-16
1588931.81112,6803798.53854,4.4408920985e-16,1588928.87112,6803799.35854,4.4408920985e-16
1588928.87112,6803799.35854,4.4408920985e-16,1588928.40112,6803797.69854,-4.4408920985e-16
1588928.40112,6803797.69854,-4.4408920985e-16,1588924.92112,6803798.66854,-4.4408920985e-16
1588924.92112,6803798.66854,-4.4408920985e-16,1588925.12112,6803799.39854,4.4408920985e-16
1588925.12112,6803799.39854,4.4408920985e-16,1588919.36112,6803801.00854,-4.4408920985e-16
1588919.36112,6803801.00854,-4.4408920985e-16,1588920.96112,6803806.74854,-4.4408920985e-16
1588920.96112,6803806.74854,-4.4408920985e-16,1588919.45112,6803807.16854,4.4408920985e-16
1588919.45112,6803807.16854,4.4408920985e-16,1588920.40112,6803810.55854,-4.4408920985e-16
1588920.40112,6803810.55854,-4.4408920985e-16,1588920.87112,6803810.42854,-4.4408920985e-16
1588920.87112,6803810.42854,-4.4408920985e-16,1588921.78112,6803813.67854,4.4408920985e-16
1588921.78112,6803813.67854,4.4408920985e-16,1588928.42112,6803811.81854,-4.4408920985e-16
1588928.42112,6803811.81854,-4.4408920985e-16,1588928.92112,6803812.46854,-4.4408920985e-16
1588928.92112,6803812.46854,-4.4408920985e-16,1588929.72112,6803812.29854,-4.4408920985e-16
1588929.72112,6803812.29854,-4.4408920985e-16,1588930.76112,6803816.46854,-4.4408920985e-16
1588930.76112,6803816.46854,-4.4408920985e-16,1588929.91112,6803816.68854,-4.4408920985e-16
1588965.19112,6803806.64854,-4.4408920985e-16,1588964.93112,6803807.10854,-4.4408920985e-16
1588964.93112,6803807.10854,-4.4408920985e-16,1588958.44112,6803808.97854,4.4408920985e-16
1588958.44112,6803808.97854,4.4408920985e-16,1588959.33112,6803812.05854,-4.4408920985e-16
1588959.33112,6803812.05854,-4.4408920985e-16,1588958.70112,6803812.23854,4.4408920985e-16
1588958.70112,6803812.23854,4.4408920985e-16,1588959.70112,6803815.70854,4.4408920985e-16
1588959.70112,6803815.70854,4.4408920985e-16,1588961.18112,6803815.28854,-4.4408920985e-16
1588961.18112,6803815.28854,-4.4408920985e-16,1588962.90112,6803821.22854,4.4408920985e-16
1588962.90112,6803821.22854,4.4408920985e-16,1588968.71112,6803819.54854,4.4408920985e-16
1588968.71112,6803819.54854,4.4408920985e-16,1588968.92112,6803820.28854,-4.4408920985e-16
1588968.92112,6803820.28854,-4.4408920985e-16,1588972.28112,6803819.32854,4.4408920985e-16
1588972.28112,6803819.32854,4.4408920985e-16,1588971.79112,6803817.63854,-4.4408920985e-16
1588971.79112,6803817.63854,-4.4408920985e-16,1588974.94112,6803816.72854,-4.4408920985e-16
1588974.94112,6803816.72854,-4.4408920985e-16,1588975.47112,6803818.55854,-4.4408920985e-16
1588975.47112,6803818.55854,-4.4408920985e-16,1588978.84112,6803817.57854,-4.4408920985e-16
1588978.84112,6803817.57854,-4.4408920985e-16,1588978.61112,6803816.76854,4.4408920985e-16
1588978.61112,6803816.76854,4.4408920985e-16,1588984.41112,6803815.08854,4.4408920985e-16
1588984.41112,6803815.08854,4.4408920985e-16,1588982.77112,6803809.42854,-4.4408920985e-16
1588982.77112,6803809.42854,-4.4408920985e-16,1588984.36112,6803808.96854,-4.4408920985e-16
1588984.36112,6803808.96854,-4.4408920985e-16,1588983.40112,6803805.63854,4.4408920985e-16
1588983.40112,6803805.63854,4.4408920985e-16,1588982.73112,6803805.83854,-4.4408920985e-16
1588982.73112,6803805.83854,-4.4408920985e-16,1588981.77112,6803802.51854,4.4408920985e-16
1588981.77112,6803802.51854,4.4408920985e-16,1588975.47112,6803804.32854,4.4408920985e-16
1588975.47112,6803804.32854,4.4408920985e-16,1588974.91112,6803803.78854,4.4408920985e-16
1588974.91112,6803803.78854,4.4408920985e-16,1588974.33112,6803803.92854,-4.4408920985e-16
1588974.33112,6803803.92854,-4.4408920985e-16,1588974.21112,6803803.49854,-8.881784197e-16
1588974.21112,6803803.49854,-8.881784197e-16,1588973.38112,6803800.37854,-8.881784197e-16
1588973.38112,6803800.37854,-8.881784197e-16,1588973.31112,6803800.11854,-4.4408920985e-16
1588973.31112,6803800.11854,-4.4408920985e-16,1588973.23112,6803799.79854,4.4408920985e-16
1588973.23112,6803799.79854,4.4408920985e-16,1588973.72112,6803799.63854,4.4408920985e-16
1588973.72112,6803799.63854,4.4408920985e-16,1588974.01112,6803798.71854,-4.4408920985e-16
1588974.01112,6803798.71854,-4.4408920985e-16,1588980.45112,6803797.25854,4.4408920985e-16
1588980.45112,6803797.25854,4.4408920985e-16,1588979.50112,6803793.85854,-4.4408920985e-16
1588979.50112,6803793.85854,-4.4408920985e-16,1588980.27112,6803793.64854,4.4408920985e-16
1588980.27112,6803793.64854,4.4408920985e-16,1588979.34112,6803790.31854,4.4408920985e-16
1588979.34112,6803790.31854,4.4408920985e-16,1588977.71112,6803790.77854,4.4408920985e-16
1588977.71112,6803790.77854,4.4408920985e-16,1588976.09112,6803784.98854,-4.4408920985e-16
1588976.09112,6803784.98854,-4.4408920985e-16,1588970.29112,6803786.60854,4.4408920985e-16
1588970.29112,6803786.60854,4.4408920985e-16,1588970.07112,6803785.81854,-4.4408920985e-16
1588970.07112,6803785.81854,-4.4408920985e-16,1588966.62112,6803786.78854,-4.4408920985e-16
1588966.62112,6803786.78854,-4.4408920985e-16,1588967.09112,6803788.49854,4.4408920985e-16
1588967.09112,6803788.49854,4.4408920985e-16,1588964.15112,6803789.31854,-4.4408920985e-16
1588964.15112,6803789.31854,-4.4408920985e-16,1588963.68112,6803787.65854,-4.4408920985e-16
1588963.68112,6803787.65854,-4.4408920985e-16,1588960.20112,6803788.62854,-4.4408920985e-16
1588960.20112,6803788.62854,-4.4408920985e-16,1588960.40112,6803789.35854,-4.4408920985e-16
1588960.40112,6803789.35854,-4.4408920985e-16,1588954.64112,6803790.96854,4.4408920985e-16
1588954.64112,6803790.96854,4.4408920985e-16,1588956.24112,6803796.70854,-4.4408920985e-16
1588956.24112,6803796.70854,-4.4408920985e-16,1588954.73112,6803797.12854,-4.4408920985e-16
1588954.73112,6803797.12854,-4.4408920985e-16,1588955.68112,6803800.51854,-4.4408920985e-16
1588955.68112,6803800.51854,-4.4408920985e-16,1588956.15112,6803800.38854,4.4408920985e-16
1588956.15112,6803800.38854,4.4408920985e-16,1588957.06112,6803803.63854,4.4408920985e-16
1588957.06112,6803803.63854,4.4408920985e-16,1588963.70112,6803801.77854,4.4408920985e-16
1588963.70112,6803801.77854,4.4408920985e-16,1588964.20112,6803802.42854,-4.4408920985e-16
1588964.20112,6803802.42854,-4.4408920985e-16,1588965.00112,6803802.25854,4.4408920985e-16
1588965.00112,6803802.25854,4.4408920985e-16,1588966.04112,6803806.42854,4.4408920985e-16
1588966.04112,6803806.42854,4.4408920985e-16,1588965.19112,6803806.64854,-4.4408920985e-16
1589039.31112,6803775.49854,0.0,1588989.40112,6803782.35854,0.0
1588989.40112,6803782.35854,0.0,1588990.48112,6803790.55854,0.0
1588990.48112,6803790.55854,0.0,1588994.11112,6803790.04854,0.0
1588994.11112,6803790.04854,0.0,1588994.24112,6803791.04854,0.0
1588994.24112,6803791.04854,0.0,1588994.82112,6803790.94854,0.0
1588994.82112,6803790.94854,0.0,1588995.02112,6803792.40854,0.0
1588995.02112,6803792.40854,0.0,1588994.41112,6803792.50854,0.0
1588994.41112,6803792.50854,0.0,1588994.55112,6803793.68854,0.0
1588994.55112,6803793.68854,0.0,1588991.06112,6803794.12854,0.0
1588991.06112,6803794.12854,0.0,1588991.69112,6803799.29854,0.0
1588991.69112,6803799.29854,0.0,1588992.16112,6803802.68854,0.0
1588992.16112,6803802.68854,0.0,1588995.89112,6803802.14854,0.0
1588995.89112,6803802.14854,0.0,1588996.00112,6803802.90854,0.0
1588996.00112,6803802.90854,0.0,1589004.94112,6803801.69854,0.0
1589004.94112,6803801.69854,0.0,1589004.86112,6803800.87854,-2.22044604925e-16
1589004.86112,6803800.87854,-2.22044604925e-16,1589011.77112,6803799.99854,0.0
1589011.77112,6803799.99854,0.0,1589011.85112,6803800.74854,0.0
1589011.85112,6803800.74854,0.0,1589020.83112,6803799.46854,0.0
1589020.83112,6803799.46854,0.0,1589020.73112,6803798.67854,0.0
1589020.73112,6803798.67854,0.0,1589027.58112,6803797.67854,0.0
1589027.58112,6803797.67854,0.0,1589027.70112,6803798.42854,0.0
1589027.70112,6803798.42854,0.0,1589031.92112,6803797.93854,0.0
1589031.92112,6803797.93854,0.0,1589035.11112,6803800.89854,0.0
1589035.11112,6803800.89854,0.0,1589035.62112,6803800.31854,0.0
1589035.62112,6803800.31854,0.0,1589038.26112,6803802.77854,0.0
1589038.26112,6803802.77854,0.0,1589040.46112,6803800.52854,0.0
1589040.46112,6803800.52854,0.0,1589043.90112,6803796.89854,0.0
1589043.90112,6803796.89854,0.0,1589040.47112,6803793.55854,0.0
1589040.47112,6803793.55854,0.0,1589042.68112,6803791.24854,0.0
1589042.68112,6803791.24854,0.0,1589043.55112,6803792.05854,0.0
1589043.55112,6803792.05854,0.0,1589044.13112,6803791.43854,0.0
1589044.13112,6803791.43854,0.0,1589046.76112,6803794.01854,0.0
1589046.76112,6803794.01854,0.0,1589052.51112,6803788.00854,0.0
1589052.51112,6803788.00854,0.0,1589039.31112,6803775.49854,0.0
1589036.93112,6803809.55854,0.0,1589034.51112,6803811.42854,0.0
1589034.51112,6803811.42854,0.0,1589036.49112,6803814.09854,0.0
1589036.49112,6803814.09854,0.0,1589039.61112,6803818.17854,0.0
1589039.61112,6803818.17854,0.0,1589042.43112,6803815.95854,0.0
1589042.43112,6803815.95854,0.0,1589043.03112,6803816.72854,0.0
1589043.03112,6803816.72854,0.0,1589043.58112,6803816.29854,0.0
1589043.58112,6803816.29854,0.0,1589045.12112,6803818.26854,0.0
1589045.12112,6803818.26854,0.0,1589046.99112,6803816.84854,0.0
1589046.99112,6803816.84854,0.0,1589048.45112,6803818.73854,0.0
1589048.45112,6803818.73854,0.0,1589049.40112,6803817.99854,0.0
1589049.40112,6803817.99854,0.0,1589053.35112,6803823.13854,0.0
1589053.35112,6803823.13854,0.0,1589055.38112,6803821.55854,0.0
1589055.38112,6803821.55854,0.0,1589082.39112,6803800.54854,0.0
1589082.39112,6803800.54854,0.0,1589085.99112,6803800.89854,0.0
1589085.99112,6803800.89854,0.0,1589097.24112,6803811.28854,0.0
1589097.24112,6803811.28854,0.0,1589101.04112,6803814.79854,0.0
1589101.04112,6803814.79854,0.0,1589101.21112,6803814.94854,0.0
1589101.21112,6803814.94854,0.0,1589106.48112,6803809.53854,0.0
1589106.48112,6803809.53854,0.0,1589108.23112,6803811.13854,0.0
1589108.23112,6803811.13854,0.0,1589111.18112,6803807.98854,0.0
1589111.18112,6803807.98854,0.0,1589115.20112,6803811.74854,0.0
1589115.20112,6803811.74854,0.0,1589120.93112,6803805.55854,0.0
1589120.93112,6803805.55854,0.0,1589085.53112,6803772.55854,0.0
1589085.53112,6803772.55854,0.0,1589079.05112,6803777.47854,0.0
1589079.05112,6803777.47854,0.0,1589078.56112,6803776.83854,0.0
1589078.56112,6803776.83854,0.0,1589074.85112,6803779.66854,0.0
1589074.85112,6803779.66854,0.0,1589075.42112,6803780.35854,0.0
1589075.42112,6803780.35854,0.0,1589066.37112,6803787.20854,0.0
1589066.37112,6803787.20854,0.0,1589065.91112,6803786.57854,0.0
1589065.91112,6803786.57854,0.0,1589062.19112,6803789.47854,0.0
1589062.19112,6803789.47854,0.0,1589062.59112,6803789.92854,0.0
1589062.59112,6803789.92854,0.0,1589053.72112,6803796.97854,0.0
1589053.72112,6803796.97854,0.0,1589053.27112,6803796.42854,0.0
1589053.27112,6803796.42854,0.0,1589049.63112,6803799.21854,0.0
1589049.63112,6803799.21854,0.0,1589050.08112,6803799.83854,0.0
1589050.08112,6803799.83854,0.0,1589041.19112,6803806.72854,0.0
1589041.19112,6803806.72854,0.0,1589040.74112,6803806.09854,0.0
1589040.74112,6803806.09854,0.0,1589036.67112,6803809.18854,0.0
1589036.67112,6803809.18854,0.0,1589036.93112,6803809.55854,0.0
1588918.92112,6803853.18854,0.0,1588919.76112,6803859.17854,0.0
1588919.76112,6803859.17854,0.0,1588920.56112,6803864.91854,0.0
1588920.56112,6803864.91854,0.0,1588920.63112,6803865.45854,-4.4408920985e-16
1588920.63112,6803865.45854,-4.4408920985e-16,1588927.18112,6803864.54854,0.0
1588927.18112,6803864.54854,0.0,1588927.14112,6803864.24854,0.0
1588927.14112,6803864.24854,0.0,1588926.32112,6803858.36854,0.0
1588926.32112,6803858.36854,0.0,1588925.47112,6803852.27854,0.0
1588925.47112,6803852.27854,0.0,1588918.92112,6803853.18854,0.0
1588903.42112,6803867.66854,-4.4408920985e-16,1588909.94112,6803866.83854,0.0
1588909.94112,6803866.83854,0.0,1588909.91112,6803866.56854,0.0
1588909.91112,6803866.56854,0.0,1588909.16112,6803860.68854,0.0
1588909.16112,6803860.68854,0.0,1588908.39112,6803854.68854,0.0
1588908.39112,6803854.68854,0.0,1588901.88112,6803855.51854,-4.4408920985e-16
1588901.88112,6803855.51854,-4.4408920985e-16,1588902.68112,6803861.82854,0.0
1588902.68112,6803861.82854,0.0,1588903.42112,6803867.66854,-4.4408920985e-16
1588936.20112,6803850.86854,0.0,1588937.02112,6803856.91854,0.0
1588937.02112,6803856.91854,0.0,1588937.79112,6803862.64854,0.0
1588937.79112,6803862.64854,0.0,1588937.84112,6803863.01854,0.0
1588937.84112,6803863.01854,0.0,1588944.24112,6803862.14854,0.0
1588944.24112,6803862.14854,0.0,1588944.19112,6803861.76854,0.0
1588944.19112,6803861.76854,0.0,1588943.38112,6803855.81854,0.0
1588943.38112,6803855.81854,0.0,1588942.60112,6803850.00854,0.0
1588942.60112,6803850.00854,0.0,1588936.20112,6803850.86854,0.0
1588954.95112,6803860.65854,0.0,1588961.39112,6803859.81854,-4.4408920985e-16
1588961.39112,6803859.81854,-4.4408920985e-16,1588961.36112,6803859.57854,0.0
1588961.36112,6803859.57854,0.0,1588959.79112,6803847.60854,0.0
1588959.79112,6803847.60854,0.0,1588953.35112,6803848.44854,0.0
1588953.35112,6803848.44854,0.0,1588954.91112,6803860.37854,0.0
1588954.91112,6803860.37854,0.0,1588954.95112,6803860.65854,0.0
1588970.44112,6803846.08854,-4.4408920985e-16,1588971.26112,6803852.13854,0.0
1588971.26112,6803852.13854,0.0,1588972.11112,6803858.45854,0.0
1588972.11112,6803858.45854,0.0,1588978.53112,6803857.58854,0.0
1588978.53112,6803857.58854,0.0,1588977.68112,6803851.22854,0.0
1588977.68112,6803851.22854,0.0,1588976.87112,6803845.22854,0.0
1588976.87112,6803845.22854,0.0,1588970.44112,6803846.08854,-4.4408920985e-16
1588989.25112,6803856.07854,0.0,1588995.74112,6803855.21854,4.4408920985e-16
1588995.74112,6803855.21854,4.4408920985e-16,1588994.92112,6803848.98854,0.0
1588994.92112,6803848.98854,0.0,1588994.13112,6803842.96854,0.0
1588994.13112,6803842.96854,0.0,1588987.63112,6803843.81854,0.0
1588987.63112,6803843.81854,0.0,1588988.43112,6803849.84854,0.0
1588988.43112,6803849.84854,0.0,1588989.25112,6803856.07854,0.0
1589012.87112,6803852.93854,-4.4408920985e-16,1589012.05112,6803846.61854,0.0
1589012.05112,6803846.61854,0.0,1589011.24112,6803840.44854,-4.4408920985e-16
1589011.24112,6803840.44854,-4.4408920985e-16,1589004.72112,6803841.29854,0.0
1589004.72112,6803841.29854,0.0,1589005.54112,6803847.57854,0.0
1589005.54112,6803847.57854,0.0,1589006.34112,6803853.78854,4.4408920985e-16
1589006.34112,6803853.78854,4.4408920985e-16,1589012.87112,6803852.93854,-4.4408920985e-16
1589023.50112,6803851.44854,-4.4408920985e-16,1589030.04112,6803850.59854,0.0
1589030.04112,6803850.59854,0.0,1589029.24112,6803844.52854,0.0
1589029.24112,6803844.52854,0.0,1589028.41112,6803838.18854,4.4408920985e-16
1589028.41112,6803838.18854,4.4408920985e-16,1589021.83112,6803839.04854,0.0
1589021.83112,6803839.04854,0.0,1589022.64112,6803845.23854,0.0
1589022.64112,6803845.23854,0.0,1589022.75112,6803846.09854,0.0
1589022.75112,6803846.09854,0.0,1589023.50112,6803851.44854,-4.4408920985e-16
1588913.39748,6803852.18309,4.4408920985e-16,1588914.46112,6803859.93354,4.4408920985e-16
1588914.46112,6803859.93354,4.4408920985e-16,1588919.76112,6803859.17854,0.0
1588919.76112,6803859.17854,0.0,1588918.92112,6803853.18854,-4.4408920985e-16
1588918.92112,6803853.18854,-4.4408920985e-16,1588925.47112,6803852.27854,4.4408920985e-16
1588925.47112,6803852.27854,4.4408920985e-16,1588926.32112,6803858.36854,0.0
1588926.32112,6803858.36854,0.0,1588931.67112,6803857.64354,-4.4408920985e-16
1588931.67112,6803857.64354,-4.4408920985e-16,1588930.59780,6803849.82259,0.0
1588930.59780,6803849.82259,0.0,1588913.39748,6803852.18309,4.4408920985e-16
1589029.24112,6803844.52854,4.4408920985e-16,1589034.08112,6803843.80854,4.4408920985e-16
1589034.08112,6803843.80854,4.4408920985e-16,1589032.90112,6803835.78854,0.0
1589032.90112,6803835.78854,0.0,1589016.26823,6803838.06992,-4.4408920985e-16
1589016.26823,6803838.06992,-4.4408920985e-16,1589017.34612,6803845.92854,0.0
1589017.34612,6803845.92854,0.0,1589022.64112,6803845.23854,0.0
1589022.64112,6803845.23854,0.0,1589021.83112,6803839.04854,0.0
1589021.83112,6803839.04854,0.0,1589028.41112,6803838.18854,0.0
1589028.41112,6803838.18854,0.0,1589029.24112,6803844.52854,4.4408920985e-16
1588999.18615,6803840.41290,0.0,1589000.23112,6803848.28354,4.4408920985e-16
1589000.23112,6803848.28354,4.4408920985e-16,1589005.54112,6803847.57854,0.0
1589005.54112,6803847.57854,0.0,1589004.72112,6803841.29854,-4.4408920985e-16
1589004.72112,6803841.29854,-4.4408920985e-16,1589011.24112,6803840.44854,0.0
1589011.24112,6803840.44854,0.0,1589012.05112,6803846.61854,0.0
1589012.05112,6803846.61854,0.0,1589017.34612,6803845.92854,0.0
1589017.34612,6803845.92854,0.0,1589016.26823,6803838.06992,4.4408920985e-16
1589016.26823,6803838.06992,4.4408920985e-16,1588999.18615,6803840.41290,0.0
1588981.99078,6803842.77143,0.0,1588983.05612,6803850.53854,0.0
1588983.05612,6803850.53854,0.0,1588988.43112,6803849.84854,0.0
1588988.43112,6803849.84854,0.0,1588987.63112,6803843.81854,0.0
1588987.63112,6803843.81854,0.0,1588994.13112,6803842.96854,4.4408920985e-16
1588994.13112,6803842.96854,4.4408920985e-16,1588994.92112,6803848.98854,-4.4408920985e-16
1588994.92112,6803848.98854,-4.4408920985e-16,1589000.23112,6803848.28354,0.0
1589000.23112,6803848.28354,0.0,1588999.18615,6803840.41290,-4.4408920985e-16
1588999.18615,6803840.41290,-4.4408920985e-16,1588981.99078,6803842.77143,0.0
1588964.85494,6803845.12179,0.0,1588965.91612,6803852.85854,0.0
1588965.91612,6803852.85854,0.0,1588971.26112,6803852.13854,-4.4408920985e-16
1588971.26112,6803852.13854,-4.4408920985e-16,1588970.44112,6803846.08854,0.0
1588970.44112,6803846.08854,0.0,1588976.87112,6803845.22854,0.0
1588976.87112,6803845.22854,0.0,1588977.68112,6803851.22854,0.0
1588977.68112,6803851.22854,0.0,1588983.05612,6803850.53854,4.4408920985e-16
1588983.05612,6803850.53854,4.4408920985e-16,1588981.99078,6803842.77143,0.0
1588981.99078,6803842.77143,0.0,1588964.85494,6803845.12179,0.0
1588947.71066,6803847.47409,0.0,1588948.76112,6803855.12854,-4.4408920985e-16
1588948.76112,6803855.12854,-4.4408920985e-16,1588954.14112,6803854.43854,-4.4408920985e-16
1588954.14112,6803854.43854,-4.4408920985e-16,1588953.35112,6803848.44854,4.4408920985e-16
1588953.35112,6803848.44854,4.4408920985e-16,1588959.79112,6803847.60854,0.0
1588959.79112,6803847.60854,0.0,1588960.57112,6803853.57854,-4.4408920985e-16
1588960.57112,6803853.57854,-4.4408920985e-16,1588965.91612,6803852.85854,-4.4408920985e-16
1588965.91612,6803852.85854,-4.4408920985e-16,1588964.85494,6803845.12179,0.0
1588964.85494,6803845.12179,0.0,1588947.71066,6803847.47409,0.0
1588930.59780,6803849.82259,0.0,1588931.67112,6803857.64354,-4.4408920985e-16
1588931.67112,6803857.64354,-4.4408920985e-16,1588937.02112,6803856.91854,8.881784197e-16
1588937.02112,6803856.91854,8.881784197e-16,1588936.20112,6803850.86854,-4.4408920985e-16
1588936.20112,6803850.86854,-4.4408920985e-16,1588942.60112,6803850.00854,0.0
1588942.60112,6803850.00854,0.0,1588943.38112,6803855.81854,0.0
1588943.38112,6803855.81854,0.0,1588948.76112,6803855.12854,0.0
1588948.76112,6803855.12854,0.0,1588947.71066,6803847.47409,0.0
1588947.71066,6803847.47409,0.0,1588930.59780,6803849.82259,0.0
1588896.67112,6803854.47854,4.4408920985e-16,1588897.75112,6803862.55854,0.0
1588897.75112,6803862.55854,0.0,1588902.68112,6803861.82854,0.0
1588902.68112,6803861.82854,0.0,1588901.88112,6803855.51854,0.0
1588901.88112,6803855.51854,0.0,1588908.39112,6803854.68854,0.0
1588908.39112,6803854.68854,0.0,1588909.16112,6803860.68854,0.0
1588909.16112,6803860.68854,0.0,1588914.46112,6803859.93354,-4.4408920985e-16
1588914.46112,6803859.93354,-4.4408920985e-16,1588913.39748,6803852.18309,0.0
1588913.39748,6803852.18309,0.0,1588896.67112,6803854.47854,4.4408920985e-16
1589030.04112,6803850.59854,4.4408920985e-16,1589023.50112,6803851.44854,4.4408920985e-16
1589023.50112,6803851.44854,4.4408920985e-16,1589023.59112,6803852.05854,0.0
1589023.59112,6803852.05854,0.0,1589018.27612,6803852.79354,-4.4408920985e-16
1589018.27612,6803852.79354,-4.4408920985e-16,1589019.33076,6803860.51434,0.0
1589019.33076,6803860.51434,0.0,1589036.21112,6803858.20854,0.0
1589036.21112,6803858.20854,0.0,1589035.03112,6803850.19854,0.0
1589035.03112,6803850.19854,0.0,1589030.11112,6803850.99854,0.0
1589030.11112,6803850.99854,0.0,1589030.04112,6803850.59854,4.4408920985e-16
1589012.87112,6803852.93854,4.4408920985e-16,1589006.34112,6803853.78854,4.4408920985e-16
1589006.34112,6803853.78854,4.4408920985e-16,1589006.44112,6803854.44854,-4.4408920985e-16
1589006.44112,6803854.44854,-4.4408920985e-16,1589001.13612,6803855.18354,0.0
1589001.13612,6803855.18354,0.0,1589002.18422,6803862.85650,-4.4408920985e-16
1589002.18422,6803862.85650,-4.4408920985e-16,1589019.33076,6803860.51434,4.4408920985e-16
1589019.33076,6803860.51434,4.4408920985e-16,1589018.27612,6803852.79354,0.0
1589018.27612,6803852.79354,0.0,1589012.96112,6803853.52854,0.0
1589012.96112,6803853.52854,0.0,1589012.87112,6803852.93854,4.4408920985e-16
1588995.74112,6803855.21854,4.4408920985e-16,1588989.25112,6803856.07854,4.4408920985e-16
1588989.25112,6803856.07854,4.4408920985e-16,1588989.36112,6803856.83854,0.0
1588989.36112,6803856.83854,0.0,1588983.98612,6803857.53354,4.4408920985e-16
1588983.98612,6803857.53354,4.4408920985e-16,1588985.03323,6803865.19927,0.0
1588985.03323,6803865.19927,0.0,1589002.18422,6803862.85650,0.0
1589002.18422,6803862.85650,0.0,1589001.13612,6803855.18354,0.0
1589001.13612,6803855.18354,0.0,1588995.83112,6803855.91854,4.4408920985e-16
1588995.83112,6803855.91854,4.4408920985e-16,1588995.74112,6803855.21854,4.4408920985e-16
1588967.03112,6803859.78854,0.0,1588968.08641,6803867.51415,4.4408920985e-16
1588968.08641,6803867.51415,4.4408920985e-16,1588985.03323,6803865.19927,0.0
1588985.03323,6803865.19927,0.0,1588983.98612,6803857.53354,0.0
1588983.98612,6803857.53354,0.0,1588978.61112,6803858.22854,0.0
1588978.61112,6803858.22854,0.0,1588978.53112,6803857.58854,4.4408920985e-16
1588978.53112,6803857.58854,4.4408920985e-16,1588972.11112,6803858.45854,4.4408920985e-16
1588972.11112,6803858.45854,4.4408920985e-16,1588972.21112,6803859.10854,0.0
1588972.21112,6803859.10854,0.0,1588967.03112,6803859.78854,0.0
1588949.72612,6803862.15854,0.0,1588950.78005,6803869.87768,-8.881784197e-16
1588950.78005,6803869.87768,-8.881784197e-16,1588968.08641,6803867.51415,4.4408920985e-16
1588968.08641,6803867.51415,4.4408920985e-16,1588967.03112,6803859.78854,0.0
1588967.03112,6803859.78854,0.0,1588961.85112,6803860.46854,0.0
1588961.85112,6803860.46854,0.0,1588961.71112,6803859.52854,4.4408920985e-16
1588961.71112,6803859.52854,4.4408920985e-16,1588961.36112,6803859.57854,4.4408920985e-16
1588961.36112,6803859.57854,4.4408920985e-16,1588961.39112,6803859.81854,0.0
1588961.39112,6803859.81854,0.0,1588954.95112,6803860.65854,0.0
1588954.95112,6803860.65854,0.0,1588954.91112,6803860.37854,4.4408920985e-16
1588954.91112,6803860.37854,4.4408920985e-16,1588954.57112,6803860.41854,4.4408920985e-16
1588954.57112,6803860.41854,4.4408920985e-16,1588954.75112,6803861.49854,-4.4408920985e-16
1588954.75112,6803861.49854,-4.4408920985e-16,1588949.72612,6803862.15854,0.0
1588937.79112,6803862.64854,4.4408920985e-16,1588937.40112,6803862.70854,4.4408920985e-16
1588937.40112,6803862.70854,4.4408920985e-16,1588937.59112,6803863.79854,0.0
1588937.59112,6803863.79854,0.0,1588932.60612,6803864.43854,-4.4408920985e-16
1588932.60612,6803864.43854,-4.4408920985e-16,1588933.66775,6803872.21410,4.4408920985e-16
1588933.66775,6803872.21410,4.4408920985e-16,1588950.78005,6803869.87768,4.4408920985e-16
1588950.78005,6803869.87768,4.4408920985e-16,1588949.72612,6803862.15854,4.4408920985e-16
1588949.72612,6803862.15854,4.4408920985e-16,1588944.70112,6803862.81854,0.0
1588944.70112,6803862.81854,0.0,1588944.54112,6803861.72854,4.4408920985e-16
1588944.54112,6803861.72854,4.4408920985e-16,1588944.19112,6803861.76854,4.4408920985e-16
1588944.19112,6803861.76854,4.4408920985e-16,1588944.24112,6803862.14854,4.4408920985e-16
1588944.24112,6803862.14854,4.4408920985e-16,1588937.84112,6803863.01854,4.4408920985e-16
1588937.84112,6803863.01854,4.4408920985e-16,1588937.79112,6803862.64854,4.4408920985e-16
1588915.39112,6803866.79854,0.0,1588916.45147,6803874.56471,0.0
1588916.45147,6803874.56471,0.0,1588933.66775,6803872.21410,4.4408920985e-16
1588933.66775,6803872.21410,4.4408920985e-16,1588932.60612,6803864.43854,4.4408920985e-16
1588932.60612,6803864.43854,4.4408920985e-16,1588927.62112,6803865.07854,0.0
1588927.62112,6803865.07854,0.0,1588927.47112,6803864.18854,4.4408920985e-16
1588927.47112,6803864.18854,4.4408920985e-16,1588927.14112,6803864.24854,0.0
1588927.14112,6803864.24854,0.0,1588927.18292,6803864.54829,0.0
1588927.18292,6803864.54829,0.0,1588920.63112,6803865.45854,-4.4408920985e-16
1588920.63112,6803865.45854,-4.4408920985e-16,1588920.56112,6803864.91854,4.4408920985e-16
1588920.56112,6803864.91854,4.4408920985e-16,1588920.15112,6803864.97854,4.4408920985e-16
1588920.15112,6803864.97854,4.4408920985e-16,1588920.35112,6803866.15854,4.4408920985e-16
1588920.35112,6803866.15854,4.4408920985e-16,1588915.39112,6803866.79854,0.0
1588898.60112,6803868.94854,-4.4408920985e-16,1588899.65112,6803876.85854,4.4408920985e-16
1588899.65112,6803876.85854,4.4408920985e-16,1588916.45147,6803874.56471,4.4408920985e-16
1588916.45147,6803874.56471,4.4408920985e-16,1588915.39112,6803866.79854,-4.4408920985e-16
1588915.39112,6803866.79854,-4.4408920985e-16,1588910.43112,6803867.43854,0.0
1588910.43112,6803867.43854,0.0,1588910.29112,6803866.54854,0.0
1588910.29112,6803866.54854,0.0,1588909.91112,6803866.56854,0.0
1588909.91112,6803866.56854,0.0,1588909.94112,6803866.83854,0.0
1588909.94112,6803866.83854,0.0,1588903.42112,6803867.66854,0.0
1588903.42112,6803867.66854,0.0,1588903.49112,6803868.23854,0.0
1588903.49112,6803868.23854,0.0,1588898.60112,6803868.94854,-4.4408920985e-16
1588916.34112,6803997.30854,4.4408920985e-16,1588921.33112,6803996.61854,4.4408920985e-16
1588921.33112,6803996.61854,4.4408920985e-16,1588920.59112,6803990.68854,0.0
1588920.59112,6803990.68854,0.0,1588926.86112,6803989.89854,0.0
1588926.86112,6803989.89854,0.0,1588927.55112,6803995.42854,4.4408920985e-16
1588927.55112,6803995.42854,4.4408920985e-16,1588932.80070,6803994.69262,0.0
1588932.80070,6803994.69262,0.0,1588931.79878,6803986.92237,0.0
1588931.79878,6803986.92237,0.0,1588915.25112,6803989.15854,4.4408920985e-16
1588915.25112,6803989.15854,4.4408920985e-16,1588916.34112,6803997.30854,4.4408920985e-16
1589065.52112,6803982.66854,4.4408920985e-16,1589059.14112,6803983.56854,4.4408920985e-16
1589059.14112,6803983.56854,4.4408920985e-16,1589059.24112,6803984.10854,0.0
1589059.24112,6803984.10854,0.0,1589053.85112,6803984.85354,-4.4408920985e-16
1589053.85112,6803984.85354,-4.4408920985e-16,1589054.94395,6803992.55585,0.0
1589054.94395,6803992.55585,0.0,1589071.69112,6803990.24854,4.4408920985e-16
1589071.69112,6803990.24854,4.4408920985e-16,1589070.71112,6803982.36854,0.0
1589070.71112,6803982.36854,0.0,1589065.60112,6803983.07854,4.4408920985e-16
1589065.60112,6803983.07854,4.4408920985e-16,1589065.52112,6803982.66854,4.4408920985e-16
1589054.94395,6803992.55585,4.4408920985e-16,1589053.85112,6803984.85354,-4.4408920985e-16
1589053.85112,6803984.85354,-4.4408920985e-16,1589048.46112,6803985.59854,4.4408920985e-16
1589048.46112,6803985.59854,4.4408920985e-16,1589048.40112,6803985.00854,4.4408920985e-16
1589048.40112,6803985.00854,4.4408920985e-16,1589041.92112,6803985.92854,4.4408920985e-16
1589041.92112,6803985.92854,4.4408920985e-16,1589042.03112,6803986.45854,0.0
1589042.03112,6803986.45854,0.0,1589036.74112,6803987.13354,-4.4408920985e-16
1589036.74112,6803987.13354,-4.4408920985e-16,1589037.81333,6803994.91599,4.4408920985e-16
1589037.81333,6803994.91599,4.4408920985e-16,1589054.94395,6803992.55585,4.4408920985e-16
1589031.39112,6803987.39854,4.4408920985e-16,1589024.86112,6803988.31854,4.4408920985e-16
1589024.86112,6803988.31854,4.4408920985e-16,1589024.96112,6803988.76854,0.0
1589024.96112,6803988.76854,0.0,1589019.73665,6803989.49118,4.4408920985e-16
1589019.73665,6803989.49118,4.4408920985e-16,1589020.78590,6803997.26191,0.0
1589020.78590,6803997.26191,0.0,1589037.81333,6803994.91599,0.0
1589037.81333,6803994.91599,0.0,1589036.74112,6803987.13354,0.0
1589036.74112,6803987.13354,0.0,1589031.45112,6803987.80854,4.4408920985e-16
1589031.45112,6803987.80854,4.4408920985e-16,1589031.39112,6803987.39854,4.4408920985e-16
1589014.16112,6803989.63854,4.4408920985e-16,1589007.81112,6803990.51854,4.4408920985e-16
1589007.81112,6803990.51854,4.4408920985e-16,1589007.92112,6803991.13854,-4.4408920985e-16
1589007.92112,6803991.13854,-4.4408920985e-16,1589002.60509,6803991.90570,0.0
1589002.60509,6803991.90570,0.0,1589003.66796,6803999.62030,0.0
1589003.66796,6803999.62030,0.0,1589020.78590,6803997.26191,-4.4408920985e-16
1589020.78590,6803997.26191,-4.4408920985e-16,1589019.73665,6803989.49118,0.0
1589019.73665,6803989.49118,0.0,1589014.26112,6803990.24854,4.4408920985e-16
1589014.26112,6803990.24854,4.4408920985e-16,1589014.16112,6803989.63854,4.4408920985e-16
1589003.66796,6803999.62030,4.4408920985e-16,1589002.60509,6803991.90570,0.0
1589002.60509,6803991.90570,0.0,1588997.11112,6803992.69854,0.0
1588997.11112,6803992.69854,0.0,1588997.04112,6803992.09854,4.4408920985e-16
1588997.04112,6803992.09854,4.4408920985e-16,1588990.51112,6803992.97854,4.4408920985e-16
1588990.51112,6803992.97854,4.4408920985e-16,1588990.62112,6803993.51854,0.0
1588990.62112,6803993.51854,0.0,1588985.22612,6803994.24354,0.0
1588985.22612,6803994.24354,0.0,1588986.29663,6804002.01360,0.0
1588986.29663,6804002.01360,0.0,1589003.66796,6803999.62030,4.4408920985e-16
1588979.79112,6803994.40854,4.4408920985e-16,1588973.35112,6803995.26854,4.4408920985e-16
1588973.35112,6803995.26854,4.4408920985e-16,1588973.44112,6803995.90854,0.0
1588973.44112,6803995.90854,0.0,1588968.22649,6803996.59251,0.0
1588968.22649,6803996.59251,0.0,1588969.24566,6804004.36277,0.0
1588969.24566,6804004.36277,0.0,1588986.29663,6804002.01360,0.0
1588986.29663,6804002.01360,0.0,1588985.22612,6803994.24354,0.0
1588985.22612,6803994.24354,0.0,1588979.83112,6803994.96854,4.4408920985e-16
1588979.83112,6803994.96854,4.4408920985e-16,1588979.79112,6803994.40854,4.4408920985e-16
1588969.24566,6804004.36277,4.4408920985e-16,1588968.22649,6803996.59251,0.0
1588968.22649,6803996.59251,0.0,1588962.69112,6803997.31854,0.0
1588962.69112,6803997.31854,0.0,1588962.61112,6803996.68854,4.4408920985e-16
1588962.61112,6803996.68854,4.4408920985e-16,1588956.13112,6803997.50854,4.4408920985e-16
1588956.13112,6803997.50854,4.4408920985e-16,1588956.26112,6803998.24854,0.0
1588956.26112,6803998.24854,0.0,1588950.90112,6803999.01354,0.0
1588950.90112,6803999.01354,0.0,1588951.96626,6804006.74353,4.4408920985e-16
1588951.96626,6804006.74353,4.4408920985e-16,1588969.24566,6804004.36277,4.4408920985e-16
1588945.42112,6803999.02854,4.4408920985e-16,1588939.00112,6803999.84854,4.4408920985e-16
1588939.00112,6803999.84854,4.4408920985e-16,1588939.13112,6804000.58854,4.4408920985e-16
1588939.13112,6804000.58854,4.4408920985e-16,1588933.66178,6804001.37061,0.0
1588933.66178,6804001.37061,0.0,1588934.66204,6804009.12794,0.0
1588934.66204,6804009.12794,0.0,1588951.96626,6804006.74353,0.0
1588951.96626,6804006.74353,0.0,1588950.90112,6803999.01354,4.4408920985e-16
1588950.90112,6803999.01354,4.4408920985e-16,1588945.54112,6803999.77854,0.0
1588945.54112,6803999.77854,0.0,1588945.42112,6803999.02854,4.4408920985e-16
1588917.11112,6804003.16854,4.4408920985e-16,1588918.11112,6804011.40854,0.0
1588918.11112,6804011.40854,0.0,1588934.66204,6804009.12794,0.0
1588934.66204,6804009.12794,0.0,1588933.66178,6804001.37061,4.4408920985e-16
1588933.66178,6804001.37061,4.4408920985e-16,1588928.43112,6804002.11854,-4.4408920985e-16
1588928.43112,6804002.11854,-4.4408920985e-16,1588928.33112,6804001.62854,0.0
1588928.33112,6804001.62854,0.0,1588922.06112,6804002.40854,4.4408920985e-16
1588922.06112,6804002.40854,4.4408920985e-16,1588917.11112,6804003.16854,4.4408920985e-16
1589024.86112,6803988.31854,0.0,1589031.39112,6803987.39854,0.0
1589031.39112,6803987.39854,0.0,1589030.55112,6803981.38854,0.0
1589030.55112,6803981.38854,0.0,1589029.79112,6803975.95854,4.4408920985e-16
1589029.79112,6803975.95854,4.4408920985e-16,1589023.26112,6803976.86854,4.4408920985e-16
1589023.26112,6803976.86854,4.4408920985e-16,1589024.00112,6803982.15854,0.0
1589024.00112,6803982.15854,0.0,1589024.86112,6803988.31854,0.0
1588939.00112,6803999.84854,-4.4408920985e-16,1588945.42112,6803999.02854,0.0
1588945.42112,6803999.02854,0.0,1588944.00112,6803987.85854,-4.4408920985e-16
1588944.00112,6803987.85854,-4.4408920985e-16,1588937.58112,6803988.66854,-4.4408920985e-16
1588937.58112,6803988.66854,-4.4408920985e-16,1588939.00112,6803999.84854,-4.4408920985e-16
1589064.69112,6803976.85854,4.4408920985e-16,1589069.85112,6803976.12854,4.4408920985e-16
1589069.85112,6803976.12854,4.4408920985e-16,1589068.83112,6803968.16854,0.0
1589068.83112,6803968.16854,0.0,1589051.89112,6803970.52354,0.0
1589051.89112,6803970.52354,0.0,1589052.97087,6803978.13865,0.0
1589052.97087,6803978.13865,0.0,1589058.26112,6803977.38854,-4.4408920985e-16
1589058.26112,6803977.38854,-4.4408920985e-16,1589057.52112,6803972.21854,-4.4408920985e-16
1589057.52112,6803972.21854,-4.4408920985e-16,1589063.90112,6803971.30854,0.0
1589063.90112,6803971.30854,0.0,1589064.69112,6803976.85854,4.4408920985e-16
1588931.79878,6803986.92237,-4.4408920985e-16,1588932.80070,6803994.69262,0.0
1588932.80070,6803994.69262,0.0,1588938.25112,6803993.92854,0.0
1588938.25112,6803993.92854,0.0,1588937.58112,6803988.66854,0.0
1588937.58112,6803988.66854,0.0,1588944.00112,6803987.85854,0.0
1588944.00112,6803987.85854,0.0,1588944.65112,6803992.99854,0.0
1588944.65112,6803992.99854,0.0,1588950.01112,6803992.26854,-4.4408920985e-16
1588950.01112,6803992.26854,-4.4408920985e-16,1588948.96703,6803984.60234,-4.4408920985e-16
1588948.96703,6803984.60234,-4.4408920985e-16,1588931.79878,6803986.92237,-4.4408920985e-16
1588966.13708,6803982.27048,-4.4408920985e-16,1588948.96703,6803984.60234,4.4408920985e-16
1588948.96703,6803984.60234,4.4408920985e-16,1588950.01112,6803992.26854,0.0
1588950.01112,6803992.26854,0.0,1588955.37112,6803991.53854,0.0
1588955.37112,6803991.53854,0.0,1588954.68112,6803986.13854,4.4408920985e-16
1588954.68112,6803986.13854,4.4408920985e-16,1588961.16112,6803985.31854,4.4408920985e-16
1588961.16112,6803985.31854,4.4408920985e-16,1588961.85112,6803990.70854,4.4408920985e-16
1588961.85112,6803990.70854,4.4408920985e-16,1588967.19612,6803989.94854,4.4408920985e-16
1588967.19612,6803989.94854,4.4408920985e-16,1588966.13708,6803982.27048,-4.4408920985e-16
1588966.13708,6803982.27048,-4.4408920985e-16,1588967.19612,6803989.94854,0.0
1588967.19612,6803989.94854,0.0,1588972.54112,6803989.18854,0.0
1588972.54112,6803989.18854,0.0,1588971.84112,6803983.92854,0.0
1588971.84112,6803983.92854,0.0,1588978.28112,6803983.06854,0.0
1588978.28112,6803983.06854,0.0,1588978.98112,6803988.34854,-4.4408920985e-16
1588978.98112,6803988.34854,-4.4408920985e-16,1588984.32612,6803987.53354,0.0
1588984.32612,6803987.53354,0.0,1588983.16548,6803979.92173,-4.4408920985e-16
1588983.16548,6803979.92173,-4.4408920985e-16,1588966.13708,6803982.27048,-4.4408920985e-16
1588983.16548,6803979.92173,0.0,1588984.32612,6803987.53354,0.0
1588984.32612,6803987.53354,0.0,1588989.67112,6803986.71854,-4.4408920985e-16
1588989.67112,6803986.71854,-4.4408920985e-16,1588988.96112,6803981.44854,4.4408920985e-16
1588988.96112,6803981.44854,4.4408920985e-16,1588995.48112,6803980.56854,-4.4408920985e-16
1588995.48112,6803980.56854,-4.4408920985e-16,1588996.20112,6803985.88854,-8.881784197e-16
1588996.20112,6803985.88854,-8.881784197e-16,1589001.68986,6803985.14958,-4.4408920985e-16
1589001.68986,6803985.14958,-4.4408920985e-16,1589000.66112,6803977.50854,0.0
1589000.66112,6803977.50854,0.0,1588983.16548,6803979.92173,0.0
1589000.66112,6803977.50854,0.0,1589001.68986,6803985.14958,0.0
1589001.68986,6803985.14958,0.0,1589006.97112,6803984.43854,4.4408920985e-16
1589006.97112,6803984.43854,4.4408920985e-16,1589006.23112,6803979.09854,0.0
1589006.23112,6803979.09854,0.0,1589012.57112,6803978.21854,0.0
1589012.57112,6803978.21854,0.0,1589013.32112,6803983.56854,-4.4408920985e-16
1589013.32112,6803983.56854,-4.4408920985e-16,1589018.83860,6803982.84011,-4.4408920985e-16
1589018.83860,6803982.84011,-4.4408920985e-16,1589017.80612,6803975.19354,0.0
1589017.80612,6803975.19354,0.0,1589000.66112,6803977.50854,0.0
1589017.80612,6803975.19354,0.0,1589018.83860,6803982.84011,0.0
1589018.83860,6803982.84011,0.0,1589024.00112,6803982.15854,0.0
1589024.00112,6803982.15854,0.0,1589023.26112,6803976.86854,0.0
1589023.26112,6803976.86854,0.0,1589029.79112,6803975.95854,0.0
1589029.79112,6803975.95854,0.0,1589030.55112,6803981.38854,4.4408920985e-16
1589030.55112,6803981.38854,4.4408920985e-16,1589036.09218,6803980.56608,0.0
1589036.09218,6803980.56608,0.0,1589034.95112,6803972.87854,0.0
1589034.95112,6803972.87854,0.0,1589017.80612,6803975.19354,0.0
1589034.95112,6803972.87854,4.4408920985e-16,1589036.09218,6803980.56608,-1.7763568394e-15
1589036.09218,6803980.56608,-1.7763568394e-15,1589041.06111,6803979.82855,-1.7763568394e-15
1589041.06111,6803979.82855,-1.7763568394e-15,1589040.31112,6803974.56854,4.4408920985e-16
1589040.31112,6803974.56854,4.4408920985e-16,1589046.79112,6803973.64854,-8.881784197e-16
1589046.79112,6803973.64854,-8.881784197e-16,1589047.54201,6803978.90855,-4.4408920985e-16
1589047.54201,6803978.90855,-4.4408920985e-16,1589052.97087,6803978.13865,1.33226762955e-15
1589052.97087,6803978.13865,1.33226762955e-15,1589051.89112,6803970.52354,8.881784197e-16
1589051.89112,6803970.52354,8.881784197e-16,1589034.95112,6803972.87854,4.4408920985e-16
1588922.06112,6804002.40854,0.0,1588928.33112,6804001.62854,4.4408920985e-16
1588928.33112,6804001.62854,4.4408920985e-16,1588927.55112,6803995.42854,0.0
1588927.55112,6803995.42854,0.0,1588926.86112,6803989.89854,0.0
1588926.86112,6803989.89854,0.0,1588920.59112,6803990.68854,-4.4408920985e-16
1588920.59112,6803990.68854,-4.4408920985e-16,1588921.33112,6803996.61854,0.0
1588921.33112,6803996.61854,0.0,1588922.06112,6804002.40854,0.0
1588973.35112,6803995.26854,0.0,1588979.79112,6803994.40854,0.0
1588979.79112,6803994.40854,0.0,1588978.98112,6803988.34854,0.0
1588978.98112,6803988.34854,0.0,1588978.28112,6803983.06854,0.0
1588978.28112,6803983.06854,0.0,1588971.84112,6803983.92854,-4.4408920985e-16
1588971.84112,6803983.92854,-4.4408920985e-16,1588972.54112,6803989.18854,0.0
1588972.54112,6803989.18854,0.0,1588973.35112,6803995.26854,0.0
1588990.51112,6803992.97854,0.0,1588997.04112,6803992.09854,0.0
1588997.04112,6803992.09854,0.0,1588996.20112,6803985.88854,0.0
1588996.20112,6803985.88854,0.0,1588995.48112,6803980.56854,4.4408920985e-16
1588995.48112,6803980.56854,4.4408920985e-16,1588988.96112,6803981.44854,0.0
1588988.96112,6803981.44854,0.0,1588989.67112,6803986.71854,0.0
1588989.67112,6803986.71854,0.0,1588990.51112,6803992.97854,0.0
1589007.81112,6803990.51854,0.0,1589014.16112,6803989.63854,0.0
1589014.16112,6803989.63854,0.0,1589013.32112,6803983.56854,0.0
1589013.32112,6803983.56854,0.0,1589012.57112,6803978.21854,-4.4408920985e-16
1589012.57112,6803978.21854,-4.4408920985e-16,1589006.23112,6803979.09854,0.0
1589006.23112,6803979.09854,0.0,1589006.97112,6803984.43854,0.0
1589006.97112,6803984.43854,0.0,1589007.81112,6803990.51854,0.0
1589041.92112,6803985.92854,4.4408920985e-16,1589048.40112,6803985.00854,4.4408920985e-16
1589048.40112,6803985.00854,4.4408920985e-16,1589047.54111,6803978.90855,0.0
1589047.54111,6803978.90855,0.0,1589046.79112,6803973.64854,0.0
1589046.79112,6803973.64854,0.0,1589040.31112,6803974.56854,0.0
1589040.31112,6803974.56854,0.0,1589041.06111,6803979.82855,0.0
1589041.06111,6803979.82855,0.0,1589041.92112,6803985.92854,4.4408920985e-16
1589059.14112,6803983.56854,0.0,1589065.52112,6803982.66854,4.4408920985e-16
1589065.52112,6803982.66854,4.4408920985e-16,1589064.69112,6803976.85854,0.0
1589064.69112,6803976.85854,0.0,1589063.90112,6803971.30854,0.0
1589063.90112,6803971.30854,0.0,1589057.52112,6803972.21854,0.0
1589057.52112,6803972.21854,0.0,1589058.26112,6803977.38854,0.0
1589058.26112,6803977.38854,0.0,1589059.14112,6803983.56854,0.0
1588956.13112,6803997.50854,4.4408920985e-16,1588962.61112,6803996.68854,0.0
1588962.61112,6803996.68854,0.0,1588961.16112,6803985.31854,-4.4408920985e-16
1588961.16112,6803985.31854,-4.4408920985e-16,1588954.68213,6803986.14641,0.0
1588954.68213,6803986.14641,0.0,1588956.13112,6803997.50854,4.4408920985e-16
1588917.87112,6803946.77854,0.0,1588918.85112,6803953.56854,4.4408920985e-16
1588918.85112,6803953.56854,4.4408920985e-16,1588931.03112,6803951.80854,0.0
1588931.03112,6803951.80854,0.0,1588930.05112,6803945.02854,0.0
1588930.05112,6803945.02854,0.0,1588917.87112,6803946.77854,0.0
1588933.34112,6803956.43854,-4.4408920985e-16,1588931.05577,6803939.61639,0.0
1588931.05577,6803939.61639,0.0,1588923.34112,6803940.68354,0.0
1588923.34112,6803940.68354,0.0,1588924.06112,6803945.88854,4.4408920985e-16
1588924.06112,6803945.88854,4.4408920985e-16,1588930.05112,6803945.02854,0.0
1588930.05112,6803945.02854,0.0,1588931.03112,6803951.80854,0.0
1588931.03112,6803951.80854,0.0,1588924.92153,6803952.69164,0.0
1588924.92153,6803952.69164,0.0,1588925.55112,6803957.44854,0.0
1588925.55112,6803957.44854,0.0,1588933.34112,6803956.43854,-4.4408920985e-16
1588918.85112,6803953.56854,-4.4408920985e-16,1588917.87112,6803946.77854,-4.4408920985e-16
1588917.87112,6803946.77854,-4.4408920985e-16,1588917.23112,6803946.90854,0.0
1588917.23112,6803946.90854,0.0,1588916.48112,6803941.68354,4.4408920985e-16
1588916.48112,6803941.68354,4.4408920985e-16,1588908.88292,6803942.77419,0.0
1588908.88292,6803942.77419,0.0,1588911.19112,6803959.32854,0.0
1588911.19112,6803959.32854,0.0,1588918.91112,6803958.31854,0.0
1588918.91112,6803958.31854,0.0,1588918.18112,6803953.66854,4.4408920985e-16
1588918.18112,6803953.66854,4.4408920985e-16,1588918.85112,6803953.56854,-4.4408920985e-16
1588927.74112,6803927.96854,-4.4408920985e-16,1588921.67112,6803928.84854,0.0
1588921.67112,6803928.84854,0.0,1588915.62112,6803929.72854,-4.4408920985e-16
1588915.62112,6803929.72854,-4.4408920985e-16,1588916.58112,6803936.35854,0.0
1588916.58112,6803936.35854,0.0,1588922.62112,6803935.47854,0.0
1588922.62112,6803935.47854,0.0,1588928.70112,6803934.59854,4.4408920985e-16
1588928.70112,6803934.59854,4.4408920985e-16,1588927.74112,6803927.96854,-4.4408920985e-16
1588922.63519,6803935.47651,0.0,1588923.34112,6803940.68354,4.4408920985e-16
1588923.34112,6803940.68354,4.4408920985e-16,1588931.05577,6803939.61639,0.0
1588931.05577,6803939.61639,0.0,1588928.72774,6803922.48003,0.0
1588928.72774,6803922.48003,0.0,1588920.95612,6803923.52354,0.0
1588920.95612,6803923.52354,0.0,1588921.67112,6803928.84854,0.0
1588921.67112,6803928.84854,0.0,1588927.74112,6803927.96854,0.0
1588927.74112,6803927.96854,0.0,1588928.70073,6803934.59860,0.0
1588928.70073,6803934.59860,0.0,1588922.63519,6803935.47651,0.0
1588916.58112,6803936.35854,0.0,1588915.62112,6803929.72854,0.0
1588915.62112,6803929.72854,0.0,1588914.76112,6803929.83854,-4.4408920985e-16
1588914.76112,6803929.83854,-4.4408920985e-16,1588914.06612,6803924.50854,0.0
1588914.06612,6803924.50854,0.0,1588906.46998,6803925.46863,0.0
1588906.46998,6803925.46863,0.0,1588908.88292,6803942.77419,0.0
1588908.88292,6803942.77419,0.0,1588916.48112,6803941.68354,0.0
1588916.48112,6803941.68354,0.0,1588915.73112,6803936.45854,0.0
1588915.73112,6803936.45854,0.0,1588916.58112,6803936.35854,0.0
1588913.20112,6803912.54854,0.0,1588914.12112,6803919.05854,0.0
1588914.12112,6803919.05854,0.0,1588920.24112,6803918.19854,0.0
1588920.24112,6803918.19854,0.0,1588926.36112,6803917.33854,4.4408920985e-16
1588926.36112,6803917.33854,4.4408920985e-16,1588925.44112,6803910.81854,0.0
1588925.44112,6803910.81854,0.0,1588919.35112,6803911.67854,0.0
1588919.35112,6803911.67854,0.0,1588913.20112,6803912.54854,0.0
1588923.13112,6803893.84854,0.0,1588916.89113,6803894.68854,0.0
1588916.89113,6803894.68854,0.0,1588910.91112,6803895.48854,-4.4408920985e-16
1588910.91112,6803895.48854,-4.4408920985e-16,1588911.75112,6803901.75854,0.0
1588911.75112,6803901.75854,0.0,1588917.92111,6803900.92854,0.0
1588917.92111,6803900.92854,0.0,1588923.97112,6803900.11854,4.4408920985e-16
1588923.97112,6803900.11854,4.4408920985e-16,1588923.13112,6803893.84854,0.0
1588914.12112,6803919.05854,0.0,1588913.20112,6803912.54854,0.0
1588913.20112,6803912.54854,0.0,1588912.45112,6803912.65854,0.0
1588912.45112,6803912.65854,0.0,1588911.74612,6803907.24854,4.4408920985e-16
1588911.74612,6803907.24854,4.4408920985e-16,1588904.07859,6803908.31764,0.0
1588904.07859,6803908.31764,0.0,1588906.46998,6803925.46863,0.0
1588906.46998,6803925.46863,0.0,1588914.06612,6803924.50854,-4.4408920985e-16
1588914.06612,6803924.50854,-4.4408920985e-16,1588913.37112,6803919.17854,4.4408920985e-16
1588913.37112,6803919.17854,4.4408920985e-16,1588914.12112,6803919.05854,0.0
1588920.24112,6803918.19854,0.0,1588920.95612,6803923.52354,0.0
1588920.95612,6803923.52354,0.0,1588928.72774,6803922.48003,-4.4408920985e-16
1588928.72774,6803922.48003,-4.4408920985e-16,1588926.38998,6803905.27210,0.0
1588926.38998,6803905.27210,0.0,1588918.63612,6803906.30354,0.0
1588918.63612,6803906.30354,0.0,1588919.35112,6803911.67854,0.0
1588919.35112,6803911.67854,0.0,1588925.44112,6803910.81854,0.0
1588925.44112,6803910.81854,0.0,1588926.36112,6803917.33854,0.0
1588926.36112,6803917.33854,0.0,1588920.24112,6803918.19854,0.0
1588916.22112,6803889.83854,0.0,1588916.89113,6803894.68854,0.0
1588916.89113,6803894.68854,0.0,1588923.13112,6803893.84854,0.0
1588923.13112,6803893.84854,0.0,1588923.97112,6803900.11854,4.4408920985e-16
1588923.97112,6803900.11854,4.4408920985e-16,1588917.92112,6803900.92854,0.0
1588917.92112,6803900.92854,0.0,1588918.63612,6803906.30354,0.0
1588918.63612,6803906.30354,0.0,1588926.38998,6803905.27210,0.0
1588926.38998,6803905.27210,0.0,1588924.14112,6803888.71854,0.0
1588924.14112,6803888.71854,0.0,1588916.22112,6803889.83854,0.0
1588901.77112,6803891.76854,4.4408920985e-16,1588904.07859,6803908.31764,-4.4408920985e-16
1588904.07859,6803908.31764,-4.4408920985e-16,1588911.74612,6803907.24854,0.0
1588911.74612,6803907.24854,0.0,1588911.04112,6803901.83854,0.0
1588911.04112,6803901.83854,0.0,1588911.75112,6803901.75854,0.0
1588911.75112,6803901.75854,0.0,1588910.90790,6803895.49029,0.0
1588910.90790,6803895.49029,0.0,1588910.21112,6803895.61854,0.0
1588910.21112,6803895.61854,0.0,1588909.59112,6803890.74854,0.0
1588909.59112,6803890.74854,0.0,1588901.77112,6803891.76854,4.4408920985e-16
1588917.87112,6803946.77854,0.0,1588918.85112,6803953.56854,4.4408920985e-16
1588918.85112,6803953.56854,4.4408920985e-16,1588931.03112,6803951.80854,0.0
1588931.03112,6803951.80854,0.0,1588930.05112,6803945.02854,0.0
1588930.05112,6803945.02854,0.0,1588917.87112,6803946.77854,0.0
1588933.34112,6803956.43854,-4.4408920985e-16,1588931.05577,6803939.61639,0.0
1588931.05577,6803939.61639,0.0,1588923.34112,6803940.68354,0.0
1588923.34112,6803940.68354,0.0,1588924.06112,6803945.88854,4.4408920985e-16
1588924.06112,6803945.88854,4.4408920985e-16,1588930.05112,6803945.02854,0.0
1588930.05112,6803945.02854,0.0,1588931.03112,6803951.80854,0.0
1588931.03112,6803951.80854,0.0,1588924.92153,6803952.69164,0.0
1588924.92153,6803952.69164,0.0,1588925.55112,6803957.44854,0.0
1588925.55112,6803957.44854,0.0,1588933.34112,6803956.43854,-4.4408920985e-16
1588918.85112,6803953.56854,-4.4408920985e-16,1588917.87112,6803946.77854,-4.4408920985e-16
1588917.87112,6803946.77854,-4.4408920985e-16,1588917.23112,6803946.90854,0.0
1588917.23112,6803946.90854,0.0,1588916.48112,6803941.68354,4.4408920985e-16
1588916.48112,6803941.68354,4.4408920985e-16,1588908.88292,6803942.77419,0.0
1588908.88292,6803942.77419,0.0,1588911.19112,6803959.32854,0.0
1588911.19112,6803959.32854,0.0,1588918.91112,6803958.31854,0.0
1588918.91112,6803958.31854,0.0,1588918.18112,6803953.66854,4.4408920985e-16
1588918.18112,6803953.66854,4.4408920985e-16,1588918.85112,6803953.56854,-4.4408920985e-16
1588927.74112,6803927.96854,-4.4408920985e-16,1588921.67112,6803928.84854,0.0
1588921.67112,6803928.84854,0.0,1588915.62112,6803929.72854,-4.4408920985e-16
1588915.62112,6803929.72854,-4.4408920985e-16,1588916.58112,6803936.35854,0.0
1588916.58112,6803936.35854,0.0,1588922.62112,6803935.47854,0.0
1588922.62112,6803935.47854,0.0,1588928.70112,6803934.59854,4.4408920985e-16
1588928.70112,6803934.59854,4.4408920985e-16,1588927.74112,6803927.96854,-4.4408920985e-16
1588922.63519,6803935.47651,0.0,1588923.34112,6803940.68354,4.4408920985e-16
1588923.34112,6803940.68354,4.4408920985e-16,1588931.05577,6803939.61639,0.0
1588931.05577,6803939.61639,0.0,1588928.72774,6803922.48003,0.0
1588928.72774,6803922.48003,0.0,1588920.95612,6803923.52354,0.0
1588920.95612,6803923.52354,0.0,1588921.67112,6803928.84854,0.0
1588921.67112,6803928.84854,0.0,1588927.74112,6803927.96854,0.0
1588927.74112,6803927.96854,0.0,1588928.70073,6803934.59860,0.0
1588928.70073,6803934.59860,0.0,1588922.63519,6803935.47651,0.0
1588916.58112,6803936.35854,0.0,1588915.62112,6803929.72854,0.0
1588915.62112,6803929.72854,0.0,1588914.76112,6803929.83854,-4.4408920985e-16
1588914.76112,6803929.83854,-4.4408920985e-16,1588914.06612,6803924.50854,0.0
1588914.06612,6803924.50854,0.0,1588906.46998,6803925.46863,0.0
1588906.46998,6803925.46863,0.0,1588908.88292,6803942.77419,0.0
1588908.88292,6803942.77419,0.0,1588916.48112,6803941.68354,0.0
1588916.48112,6803941.68354,0.0,1588915.73112,6803936.45854,0.0
1588915.73112,6803936.45854,0.0,1588916.58112,6803936.35854,0.0
1588913.20112,6803912.54854,0.0,1588914.12112,6803919.05854,0.0
1588914.12112,6803919.05854,0.0,1588920.24112,6803918.19854,0.0
1588920.24112,6803918.19854,0.0,1588926.36112,6803917.33854,4.4408920985e-16
1588926.36112,6803917.33854,4.4408920985e-16,1588925.44112,6803910.81854,0.0
1588925.44112,6803910.81854,0.0,1588919.35112,6803911.67854,0.0
1588919.35112,6803911.67854,0.0,1588913.20112,6803912.54854,0.0
1588923.13112,6803893.84854,0.0,1588916.89113,6803894.68854,0.0
1588916.89113,6803894.68854,0.0,1588910.91112,6803895.48854,-4.4408920985e-16
1588910.91112,6803895.48854,-4.4408920985e-16,1588911.75112,6803901.75854,0.0
1588911.75112,6803901.75854,0.0,1588917.92111,6803900.92854,0.0
1588917.92111,6803900.92854,0.0,1588923.97112,6803900.11854,4.4408920985e-16
1588923.97112,6803900.11854,4.4408920985e-16,1588923.13112,6803893.84854,0.0
1588914.12112,6803919.05854,0.0,1588913.20112,6803912.54854,0.0
1588913.20112,6803912.54854,0.0,1588912.45112,6803912.65854,0.0
1588912.45112,6803912.65854,0.0,1588911.74612,6803907.24854,4.4408920985e-16
1588911.74612,6803907.24854,4.4408920985e-16,1588904.07859,6803908.31764,0.0
1588904.07859,6803908.31764,0.0,1588906.46998,6803925.46863,0.0
1588906.46998,6803925.46863,0.0,1588914.06612,6803924.50854,-4.4408920985e-16
1588914.06612,6803924.50854,-4.4408920985e-16,1588913.37112,6803919.17854,4.4408920985e-16
1588913.37112,6803919.17854,4.4408920985e-16,1588914.12112,6803919.05854,0.0
1588920.24112,6803918.19854,0.0,1588920.95612,6803923.52354,0.0
1588920.95612,6803923.52354,0.0,1588928.72774,6803922.48003,-4.4408920985e-16
1588928.72774,6803922.48003,-4.4408920985e-16,1588926.38998,6803905.27210,0.0
1588926.38998,6803905.27210,0.0,1588918.63612,6803906.30354,0.0
1588918.63612,6803906.30354,0.0,1588919.35112,6803911.67854,0.0
1588919.35112,6803911.67854,0.0,1588925.44112,6803910.81854,0.0
1588925.44112,6803910.81854,0.0,1588926.36112,6803917.33854,0.0
1588926.36112,6803917.33854,0.0,1588920.24112,6803918.19854,0.0
1588916.22112,6803889.83854,0.0,1588916.89113,6803894.68854,0.0
1588916.89113,6803894.68854,0.0,1588923.13112,6803893.84854,0.0
1588923.13112,6803893.84854,0.0,1588923.97112,6803900.11854,4.4408920985e-16
1588923.97112,6803900.11854,4.4408920985e-16,1588917.92112,6803900.92854,0.0
1588917.92112,6803900.92854,0.0,1588918.63612,6803906.30354,0.0
1588918.63612,6803906.30354,0.0,1588926.38998,6803905.27210,0.0
1588926.38998,6803905.27210,0.0,1588924.14112,6803888.71854,0.0
1588924.14112,6803888.71854,0.0,1588916.22112,6803889.83854,0.0
1588901.77112,6803891.76854,4.4408920985e-16,1588904.07859,6803908.31764,-4.4408920985e-16
1588904.07859,6803908.31764,-4.4408920985e-16,1588911.74612,6803907.24854,0.0
1588911.74612,6803907.24854,0.0,1588911.04112,6803901.83854,0.0
1588911.04112,6803901.83854,0.0,1588911.75112,6803901.75854,0.0
1588911.75112,6803901.75854,0.0,1588910.90790,6803895.49029,0.0
1588910.90790,6803895.49029,0.0,1588910.21112,6803895.61854,0.0
1588910.21112,6803895.61854,0.0,1588909.59112,6803890.74854,0.0
1588909.59112,6803890.74854,0.0,1588901.77112,6803891.76854,4.4408920985e-16
1589020.00112,6803893.08854,2.22044604925e-16,1589020.51112,6803897.08854,2.22044604925e-16
1589020.51112,6803897.08854,2.22044604925e-16,1589016.21112,6803897.64854,2.22044604925e-16
1589016.21112,6803897.64854,2.22044604925e-16,1589015.64112,6803893.22854,-2.22044604925e-16
1589015.64112,6803893.22854,-2.22044604925e-16,1589009.86112,6803893.98854,4.4408920985e-16
1589009.86112,6803893.98854,4.4408920985e-16,1589009.44112,6803894.34854,0.0
1589009.44112,6803894.34854,0.0,1589011.80666,6803911.69359,2.22044604925e-16
1589011.80666,6803911.69359,2.22044604925e-16,1589018.04049,6803910.96319,4.4408920985e-16
1589018.04049,6803910.96319,4.4408920985e-16,1589017.61112,6803907.29854,0.0
1589017.61112,6803907.29854,0.0,1589022.03112,6803906.77854,0.0
1589022.03112,6803906.77854,0.0,1589022.46112,6803910.44354,4.4408920985e-16
1589022.46112,6803910.44354,4.4408920985e-16,1589028.78831,6803909.70120,0.0
1589028.78831,6803909.70120,0.0,1589026.37498,6803892.27066,2.22044604925e-16
1589026.37498,6803892.27066,2.22044604925e-16,1589020.00112,6803893.08854,2.22044604925e-16
1589024.80612,6803927.54354,-2.22044604925e-16,1589025.27112,6803931.35854,2.22044604925e-16
1589025.27112,6803931.35854,2.22044604925e-16,1589020.79112,6803931.90854,0.0
1589020.79112,6803931.90854,0.0,1589020.32565,6803928.08965,2.22044604925e-16
1589020.32565,6803928.08965,2.22044604925e-16,1589014.14551,6803928.84293,-2.22044604925e-16
1589014.14551,6803928.84293,-2.22044604925e-16,1589016.48112,6803945.96854,2.22044604925e-16
1589016.48112,6803945.96854,2.22044604925e-16,1589017.15112,6803946.10854,0.0
1589017.15112,6803946.10854,0.0,1589022.75112,6803945.37854,2.22044604925e-16
1589022.75112,6803945.37854,2.22044604925e-16,1589022.26112,6803941.72854,2.22044604925e-16
1589022.26112,6803941.72854,2.22044604925e-16,1589026.62112,6803941.13854,2.22044604925e-16
1589026.62112,6803941.13854,2.22044604925e-16,1589027.03112,6803944.23854,2.22044604925e-16
1589027.03112,6803944.23854,2.22044604925e-16,1589033.45137,6803943.38054,2.22044604925e-16
1589033.45137,6803943.38054,2.22044604925e-16,1589031.15158,6803926.77011,0.0
1589031.15158,6803926.77011,0.0,1589024.80612,6803927.54354,-2.22044604925e-16
1588949.39112,6803961.89854,2.22044604925e-16,1588953.25112,6803961.34854,2.22044604925e-16
1588953.25112,6803961.34854,2.22044604925e-16,1588953.71953,6803965.03604,4.4408920985e-16
1588953.71953,6803965.03604,4.4408920985e-16,1588949.92112,6803965.51854,2.22044604925e-16
1588949.92112,6803965.51854,2.22044604925e-16,1588950.73112,6803972.11854,0.0
1588950.73112,6803972.11854,0.0,1588967.41468,6803969.85165,-4.4408920985e-16
1588967.41468,6803969.85165,-4.4408920985e-16,1588966.54589,6803963.46232,0.0
1588966.54589,6803963.46232,0.0,1588964.82112,6803963.70854,0.0
1588964.82112,6803963.70854,0.0,1588964.69112,6803962.78854,0.0
1588964.69112,6803962.78854,0.0,1588962.39112,6803963.10854,0.0
1588962.39112,6803963.10854,0.0,1588962.09112,6803960.88854,4.4408920985e-16
1588962.09112,6803960.88854,4.4408920985e-16,1588964.45112,6803960.56854,4.4408920985e-16
1588964.45112,6803960.56854,4.4408920985e-16,1588964.32112,6803959.68854,2.22044604925e-16
1588964.32112,6803959.68854,2.22044604925e-16,1588965.99612,6803959.45854,2.22044604925e-16
1588965.99612,6803959.45854,2.22044604925e-16,1588965.10796,6803952.99039,0.0
1588965.10796,6803952.99039,0.0,1588948.47112,6803955.25854,4.4408920985e-16
1588948.47112,6803955.25854,4.4408920985e-16,1588949.39112,6803961.89854,2.22044604925e-16
1588966.54589,6803963.46232,2.22044604925e-16,1588967.41468,6803969.85165,-4.4408920985e-16
1588967.41468,6803969.85165,-4.4408920985e-16,1588983.31987,6803967.68894,0.0
1588983.31987,6803967.68894,0.0,1588982.49819,6803961.22659,2.22044604925e-16
1588982.49819,6803961.22659,2.22044604925e-16,1588979.59162,6803961.59848,0.0
1588979.59162,6803961.59848,0.0,1588979.08112,6803957.60854,0.0
1588979.08112,6803957.60854,0.0,1588981.99112,6803957.23854,0.0
1588981.99112,6803957.23854,0.0,1588981.17180,6803950.79473,-4.4408920985e-16
1588981.17180,6803950.79473,-4.4408920985e-16,1588965.10796,6803952.99039,-4.4408920985e-16
1588965.10796,6803952.99039,-4.4408920985e-16,1588965.99612,6803959.45854,-2.22044604925e-16
1588965.99612,6803959.45854,-2.22044604925e-16,1588967.67112,6803959.22854,-4.4408920985e-16
1588967.67112,6803959.22854,-4.4408920985e-16,1588967.79112,6803960.12854,-4.4408920985e-16
1588967.79112,6803960.12854,-4.4408920985e-16,1588970.05112,6803959.80854,-4.4408920985e-16
1588970.05112,6803959.80854,-4.4408920985e-16,1588970.35112,6803961.97854,0.0
1588970.35112,6803961.97854,0.0,1588968.09112,6803962.29854,2.22044604925e-16
1588968.09112,6803962.29854,2.22044604925e-16,1588968.22112,6803963.23854,-4.4408920985e-16
1588968.22112,6803963.23854,-4.4408920985e-16,1588966.54589,6803963.46232,2.22044604925e-16
1588982.49819,6803961.22659,0.0,1588983.31987,6803967.68894,0.0
1588983.31987,6803967.68894,0.0,1589000.79010,6803965.31343,0.0
1589000.79010,6803965.31343,0.0,1588999.91246,6803958.85898,2.22044604925e-16
1588999.91246,6803958.85898,2.22044604925e-16,1588996.87112,6803959.26854,2.22044604925e-16
1588996.87112,6803959.26854,2.22044604925e-16,1588996.33112,6803955.25854,4.4408920985e-16
1588996.33112,6803955.25854,4.4408920985e-16,1588999.36959,6803954.84736,2.22044604925e-16
1588999.36959,6803954.84736,2.22044604925e-16,1588998.50064,6803948.42617,-2.22044604925e-16
1588998.50064,6803948.42617,-2.22044604925e-16,1588981.17180,6803950.79473,-2.22044604925e-16
1588981.17180,6803950.79473,-2.22044604925e-16,1588981.99112,6803957.23854,4.4408920985e-16
1588981.99112,6803957.23854,4.4408920985e-16,1588984.90112,6803956.86854,0.0
1588984.90112,6803956.86854,0.0,1588985.02112,6803957.81854,2.22044604925e-16
1588985.02112,6803957.81854,2.22044604925e-16,1588987.36112,6803957.51854,0.0
1588987.36112,6803957.51854,0.0,1588987.62112,6803959.59854,2.22044604925e-16
1588987.62112,6803959.59854,2.22044604925e-16,1588985.40112,6803959.87854,0.0
1588985.40112,6803959.87854,0.0,1588985.53112,6803960.83854,0.0
1588985.53112,6803960.83854,0.0,1588982.49819,6803961.22659,0.0
1588999.93289,6803958.86173,4.4408920985e-16,1589000.79010,6803965.31343,0.0
1589000.79010,6803965.31343,0.0,1589019.38348,6803962.78565,0.0
1589019.38348,6803962.78565,0.0,1589018.53697,6803956.50586,2.22044604925e-16
1589018.53697,6803956.50586,2.22044604925e-16,1589013.95112,6803957.11854,0.0
1589013.95112,6803957.11854,0.0,1589013.40112,6803953.00854,-2.22044604925e-16
1589013.40112,6803953.00854,-2.22044604925e-16,1589017.99112,6803952.39854,0.0
1589017.99112,6803952.39854,0.0,1589017.15112,6803946.10854,0.0
1589017.15112,6803946.10854,0.0,1589016.48112,6803945.96854,-4.4408920985e-16
1589016.48112,6803945.96854,-4.4408920985e-16,1588998.50064,6803948.42617,0.0
1588998.50064,6803948.42617,0.0,1588999.36959,6803954.84736,-2.22044604925e-16
1588999.36959,6803954.84736,-2.22044604925e-16,1589002.02112,6803954.48854,4.4408920985e-16
1589002.02112,6803954.48854,4.4408920985e-16,1589002.18112,6803955.45854,0.0
1589002.18112,6803955.45854,0.0,1589004.49112,6803955.14854,-2.22044604925e-16
1589004.49112,6803955.14854,-2.22044604925e-16,1589004.77112,6803957.19854,-2.22044604925e-16
1589004.77112,6803957.19854,-2.22044604925e-16,1589002.45112,6803957.50854,0.0
1589002.45112,6803957.50854,0.0,1589002.59112,6803958.50854,-2.22044604925e-16
1589002.59112,6803958.50854,-2.22044604925e-16,1588999.93289,6803958.86173,4.4408920985e-16
1589035.92112,6803873.83854,0.0,1589038.21843,6803890.57635,0.0
1589038.21843,6803890.57635,0.0,1589044.54112,6803889.70854,2.22044604925e-16
1589044.54112,6803889.70854,2.22044604925e-16,1589044.31112,6803887.95854,0.0
1589044.31112,6803887.95854,0.0,1589045.33112,6803887.82854,2.22044604925e-16
1589045.33112,6803887.82854,2.22044604925e-16,1589044.98112,6803885.22854,0.0
1589044.98112,6803885.22854,0.0,1589047.13112,6803884.94854,0.0
1589047.13112,6803884.94854,0.0,1589047.47112,6803887.47854,2.22044604925e-16
1589047.47112,6803887.47854,2.22044604925e-16,1589048.61112,6803887.34854,2.22044604925e-16
1589048.61112,6803887.34854,2.22044604925e-16,1589048.83112,6803888.98354,4.4408920985e-16
1589048.83112,6803888.98354,4.4408920985e-16,1589055.16368,6803888.11166,0.0
1589055.16368,6803888.11166,0.0,1589052.90112,6803871.67854,0.0
1589052.90112,6803871.67854,0.0,1589045.87112,6803872.56854,-2.22044604925e-16
1589045.87112,6803872.56854,-2.22044604925e-16,1589046.17112,6803874.52854,0.0
1589046.17112,6803874.52854,0.0,1589045.22112,6803874.66854,2.22044604925e-16
1589045.22112,6803874.66854,2.22044604925e-16,1589045.60112,6803877.19854,-4.4408920985e-16
1589045.60112,6803877.19854,-4.4408920985e-16,1589044.54112,6803877.35854,-2.22044604925e-16
1589044.54112,6803877.35854,-2.22044604925e-16,1589044.16112,6803874.86854,-4.4408920985e-16
1589044.16112,6803874.86854,-4.4408920985e-16,1589043.10112,6803875.02854,-2.22044604925e-16
1589043.10112,6803875.02854,-2.22044604925e-16,1589042.84112,6803872.95854,2.22044604925e-16
1589042.84112,6803872.95854,2.22044604925e-16,1589035.92112,6803873.83854,0.0
1589038.21843,6803890.57635,0.0,1589040.50028,6803907.20158,0.0
1589040.50028,6803907.20158,0.0,1589046.86112,6803906.32854,2.22044604925e-16
1589046.86112,6803906.32854,2.22044604925e-16,1589046.56112,6803904.21854,2.22044604925e-16
1589046.56112,6803904.21854,2.22044604925e-16,1589047.60112,6803904.06854,2.22044604925e-16
1589047.60112,6803904.06854,2.22044604925e-16,1589047.24112,6803901.53854,2.22044604925e-16
1589047.24112,6803901.53854,2.22044604925e-16,1589049.47112,6803901.22854,4.4408920985e-16
1589049.47112,6803901.22854,4.4408920985e-16,1589049.83112,6803903.77854,2.22044604925e-16
1589049.83112,6803903.77854,2.22044604925e-16,1589050.88112,6803903.58854,2.22044604925e-16
1589050.88112,6803903.58854,2.22044604925e-16,1589051.18612,6803905.71354,2.22044604925e-16
1589051.18612,6803905.71354,2.22044604925e-16,1589057.46807,6803904.84862,-2.22044604925e-16
1589057.46807,6803904.84862,-2.22044604925e-16,1589055.16368,6803888.11166,2.22044604925e-16
1589055.16368,6803888.11166,2.22044604925e-16,1589048.83112,6803888.98354,0.0
1589048.83112,6803888.98354,0.0,1589049.05112,6803890.61854,0.0
1589049.05112,6803890.61854,0.0,1589048.07112,6803890.74854,-2.22044604925e-16
1589048.07112,6803890.74854,-2.22044604925e-16,1589048.41112,6803893.35854,0.0
1589048.41112,6803893.35854,0.0,1589046.12112,6803893.65854,0.0
1589046.12112,6803893.65854,0.0,1589045.81112,6803891.31854,-4.4408920985e-16
1589045.81112,6803891.31854,-4.4408920985e-16,1589044.77112,6803891.45854,-2.22044604925e-16
1589044.77112,6803891.45854,-2.22044604925e-16,1589044.54112,6803889.70854,0.0
1589044.54112,6803889.70854,0.0,1589038.21843,6803890.57635,0.0
1589040.50028,6803907.20158,2.22044604925e-16,1589042.84295,6803924.26984,2.22044604925e-16
1589042.84295,6803924.26984,2.22044604925e-16,1589049.19112,6803923.39854,6.66133814775e-16
1589049.19112,6803923.39854,6.66133814775e-16,1589048.89112,6803921.28854,2.22044604925e-16
1589048.89112,6803921.28854,2.22044604925e-16,1589049.93112,6803921.13854,0.0
1589049.93112,6803921.13854,0.0,1589049.57112,6803918.60854,0.0
1589049.57112,6803918.60854,0.0,1589051.80112,6803918.29854,0.0
1589051.80112,6803918.29854,0.0,1589052.16112,6803920.84854,0.0
1589052.16112,6803920.84854,0.0,1589053.21112,6803920.65854,2.22044604925e-16
1589053.21112,6803920.65854,2.22044604925e-16,1589053.51612,6803922.78354,-2.22044604925e-16
1589053.51612,6803922.78354,-2.22044604925e-16,1589059.81794,6803921.91589,0.0
1589059.81794,6803921.91589,0.0,1589057.46807,6803904.84862,0.0
1589057.46807,6803904.84862,0.0,1589051.18612,6803905.71354,-2.22044604925e-16
1589051.18612,6803905.71354,-2.22044604925e-16,1589051.49112,6803907.83854,-4.4408920985e-16
1589051.49112,6803907.83854,-4.4408920985e-16,1589050.37112,6803907.99854,0.0
1589050.37112,6803907.99854,0.0,1589050.73112,6803910.48854,0.0
1589050.73112,6803910.48854,0.0,1589048.60112,6803910.78854,-2.22044604925e-16
1589048.60112,6803910.78854,-2.22044604925e-16,1589048.25112,6803908.28854,4.4408920985e-16
1589048.25112,6803908.28854,4.4408920985e-16,1589047.16112,6803908.43854,0.0
1589047.16112,6803908.43854,0.0,1589046.86112,6803906.32854,-2.22044604925e-16
1589046.86112,6803906.32854,-2.22044604925e-16,1589040.50028,6803907.20158,2.22044604925e-16
1589042.84295,6803924.26984,-2.22044604925e-16,1589045.20947,6803941.51196,4.4408920985e-16
1589045.20947,6803941.51196,4.4408920985e-16,1589051.53192,6803940.64419,0.0
1589051.53192,6803940.64419,0.0,1589051.23112,6803938.52854,2.22044604925e-16
1589051.23112,6803938.52854,2.22044604925e-16,1589052.27112,6803938.37854,0.0
1589052.27112,6803938.37854,0.0,1589051.91112,6803935.84854,-4.4408920985e-16
1589051.91112,6803935.84854,-4.4408920985e-16,1589054.14112,6803935.53854,0.0
1589054.14112,6803935.53854,0.0,1589054.50112,6803938.08854,2.22044604925e-16
1589054.50112,6803938.08854,2.22044604925e-16,1589055.55112,6803937.89854,-2.22044604925e-16
1589055.55112,6803937.89854,-2.22044604925e-16,1589055.85612,6803940.02354,2.22044604925e-16
1589055.85612,6803940.02354,2.22044604925e-16,1589062.18597,6803939.11502,2.22044604925e-16
1589062.18597,6803939.11502,2.22044604925e-16,1589059.81794,6803921.91589,2.22044604925e-16
1589059.81794,6803921.91589,2.22044604925e-16,1589053.51612,6803922.78354,2.22044604925e-16
1589053.51612,6803922.78354,2.22044604925e-16,1589053.82112,6803924.90854,0.0
1589053.82112,6803924.90854,0.0,1589052.70112,6803925.06854,2.22044604925e-16
1589052.70112,6803925.06854,2.22044604925e-16,1589053.06112,6803927.55854,4.4408920985e-16
1589053.06112,6803927.55854,4.4408920985e-16,1589050.93112,6803927.85854,2.22044604925e-16
1589050.93112,6803927.85854,2.22044604925e-16,1589050.58112,6803925.35854,4.4408920985e-16
1589050.58112,6803925.35854,4.4408920985e-16,1589049.49112,6803925.50854,-2.22044604925e-16
1589049.49112,6803925.50854,-2.22044604925e-16,1589049.19112,6803923.39854,2.22044604925e-16
1589049.19112,6803923.39854,2.22044604925e-16,1589042.84295,6803924.26984,-2.22044604925e-16
1589045.20947,6803941.51196,0.0,1589047.57112,6803958.71854,0.0
1589047.57112,6803958.71854,0.0,1589054.42112,6803957.79854,4.4408920985e-16
1589054.42112,6803957.79854,4.4408920985e-16,1589054.12112,6803955.43854,0.0
1589054.12112,6803955.43854,0.0,1589055.14112,6803955.31854,0.0
1589055.14112,6803955.31854,0.0,1589054.82112,6803952.78854,0.0
1589054.82112,6803952.78854,0.0,1589055.97112,6803952.63854,0.0
1589055.97112,6803952.63854,0.0,1589056.30112,6803955.22854,2.22044604925e-16
1589056.30112,6803955.22854,2.22044604925e-16,1589057.47112,6803955.08854,2.22044604925e-16
1589057.47112,6803955.08854,2.22044604925e-16,1589057.74112,6803957.35854,2.22044604925e-16
1589057.74112,6803957.35854,2.22044604925e-16,1589064.57112,6803956.43854,2.22044604925e-16
1589064.57112,6803956.43854,2.22044604925e-16,1589062.18597,6803939.11502,0.0
1589062.18597,6803939.11502,0.0,1589055.85612,6803940.02354,-4.4408920985e-16
1589055.85612,6803940.02354,-4.4408920985e-16,1589056.16112,6803942.14854,0.0
1589056.16112,6803942.14854,0.0,1589055.04112,6803942.30854,0.0
1589055.04112,6803942.30854,0.0,1589055.40112,6803944.79854,0.0
1589055.40112,6803944.79854,0.0,1589053.27112,6803945.09854,0.0
1589053.27112,6803945.09854,0.0,1589052.92112,6803942.59854,-2.22044604925e-16
1589052.92112,6803942.59854,-2.22044604925e-16,1589051.83112,6803942.74854,-4.4408920985e-16
1589051.83112,6803942.74854,-4.4408920985e-16,1589051.53192,6803940.64419,4.4408920985e-16
1589051.53192,6803940.64419,4.4408920985e-16,1589045.20947,6803941.51196,0.0
1589011.80666,6803911.69359,0.0,1589014.14551,6803928.84293,0.0
1589014.14551,6803928.84293,0.0,1589020.32565,6803928.08965,-2.22044604925e-16
1589020.32565,6803928.08965,-2.22044604925e-16,1589019.86112,6803924.27854,-2.22044604925e-16
1589019.86112,6803924.27854,-2.22044604925e-16,1589024.34112,6803923.72854,-2.22044604925e-16
1589024.34112,6803923.72854,-2.22044604925e-16,1589024.80612,6803927.54354,-2.22044604925e-16
1589024.80612,6803927.54354,-2.22044604925e-16,1589031.15158,6803926.77011,2.22044604925e-16
1589031.15158,6803926.77011,2.22044604925e-16,1589028.78831,6803909.70120,0.0
1589028.78831,6803909.70120,0.0,1589022.46112,6803910.44354,2.22044604925e-16
1589022.46112,6803910.44354,2.22044604925e-16,1589022.89112,6803914.10854,4.4408920985e-16
1589022.89112,6803914.10854,4.4408920985e-16,1589018.47112,6803914.63854,2.22044604925e-16
1589018.47112,6803914.63854,2.22044604925e-16,1589018.04112,6803910.96854,0.0
1589018.04112,6803910.96854,0.0,1589011.80666,6803911.69359,0.0
1589022.03112,6803953.55854,-2.22044604925e-16,1589021.04112,6803953.68854,-2.22044604925e-16
1589021.04112,6803953.68854,-2.22044604925e-16,1589021.36112,6803956.12854,-4.4408920985e-16
1589021.36112,6803956.12854,-4.4408920985e-16,1589018.53697,6803956.50586,-2.22044604925e-16
1589018.53697,6803956.50586,-2.22044604925e-16,1589019.38348,6803962.78565,-2.22044604925e-16
1589019.38348,6803962.78565,-2.22044604925e-16,1589035.83112,6803960.56854,-4.4408920985e-16
1589035.83112,6803960.56854,-4.4408920985e-16,1589033.45137,6803943.38054,-2.22044604925e-16
1589033.45137,6803943.38054,-2.22044604925e-16,1589024.86112,6803944.52854,0.0
1589024.86112,6803944.52854,0.0,1589025.58112,6803949.83854,-2.22044604925e-16
1589025.58112,6803949.83854,-2.22044604925e-16,1589024.31112,6803950.00854,-2.22044604925e-16
1589024.31112,6803950.00854,-2.22044604925e-16,1589024.57112,6803951.95854,-2.22044604925e-16
1589024.57112,6803951.95854,-2.22044604925e-16,1589021.86112,6803952.31854,-2.22044604925e-16
1589021.86112,6803952.31854,-2.22044604925e-16,1589022.03112,6803953.55854,-2.22044604925e-16
1589015.69112,6803886.34854,-2.22044604925e-16,1589015.93112,6803888.27854,-2.22044604925e-16
1589015.93112,6803888.27854,-2.22044604925e-16,1589017.07112,6803888.13854,-4.4408920985e-16
1589017.07112,6803888.13854,-4.4408920985e-16,1589017.74112,6803893.37854,-2.22044604925e-16
1589017.74112,6803893.37854,-2.22044604925e-16,1589026.37498,6803892.27066,0.0
1589026.37498,6803892.27066,0.0,1589023.97112,6803874.90854,-2.22044604925e-16
1589023.97112,6803874.90854,-2.22044604925e-16,1589007.36766,6803877.21114,2.22044604925e-16
1589007.36766,6803877.21114,2.22044604925e-16,1589008.17112,6803883.57854,2.22044604925e-16
1589008.17112,6803883.57854,2.22044604925e-16,1589011.34112,6803883.17854,0.0
1589011.34112,6803883.17854,0.0,1589011.66112,6803885.67854,-2.22044604925e-16
1589011.66112,6803885.67854,-2.22044604925e-16,1589012.69112,6803885.54854,-2.22044604925e-16
1589012.69112,6803885.54854,-2.22044604925e-16,1589012.84112,6803886.71854,-2.22044604925e-16
1589012.84112,6803886.71854,-2.22044604925e-16,1589015.69112,6803886.34854,-2.22044604925e-16
1588941.51112,6803903.41854,0.0,1588957.97313,6803901.28421,2.22044604925e-16
1588957.97313,6803901.28421,2.22044604925e-16,1588957.14948,6803894.86972,0.0
1588957.14948,6803894.86972,0.0,1588955.60112,6803895.06854,0.0
1588955.60112,6803895.06854,0.0,1588955.47112,6803894.02854,0.0
1588955.47112,6803894.02854,0.0,1588952.97112,6803894.34854,-4.4408920985e-16
1588952.97112,6803894.34854,-4.4408920985e-16,1588952.73112,6803892.48854,2.22044604925e-16
1588952.73112,6803892.48854,2.22044604925e-16,1588955.22112,6803892.15854,0.0
1588955.22112,6803892.15854,0.0,1588955.08112,6803891.08854,0.0
1588955.08112,6803891.08854,0.0,1588956.62612,6803890.88854,-2.22044604925e-16
1588956.62612,6803890.88854,-2.22044604925e-16,1588955.76985,6803884.29039,-6.66133814775e-16
1588955.76985,6803884.29039,-6.66133814775e-16,1588939.07112,6803886.52854,-2.22044604925e-16
1588939.07112,6803886.52854,-2.22044604925e-16,1588940.08112,6803893.39854,0.0
1588940.08112,6803893.39854,0.0,1588943.91112,6803892.86854,2.22044604925e-16
1588943.91112,6803892.86854,2.22044604925e-16,1588944.40112,6803896.38854,-6.66133814775e-16
1588944.40112,6803896.38854,-6.66133814775e-16,1588940.59415,6803896.88815,-2.22044604925e-16
1588940.59415,6803896.88815,-2.22044604925e-16,1588941.51112,6803903.41854,0.0
1588957.97313,6803901.28421,2.22044604925e-16,1588975.55870,6803899.01135,-2.22044604925e-16
1588975.55870,6803899.01135,-2.22044604925e-16,1588974.73013,6803892.48367,-4.4408920985e-16
1588974.73013,6803892.48367,-4.4408920985e-16,1588970.20112,6803893.05854,-2.22044604925e-16
1588970.20112,6803893.05854,-2.22044604925e-16,1588969.69112,6803889.04854,0.0
1588969.69112,6803889.04854,0.0,1588974.22112,6803888.47354,0.0
1588974.22112,6803888.47354,0.0,1588973.38968,6803881.92327,0.0
1588973.38968,6803881.92327,0.0,1588955.77195,6803884.29011,-2.22044604925e-16
1588955.77195,6803884.29011,-2.22044604925e-16,1588956.62612,6803890.88854,-2.22044604925e-16
1588956.62612,6803890.88854,-2.22044604925e-16,1588958.25112,6803890.67854,0.0
1588958.25112,6803890.67854,0.0,1588958.38112,6803891.66854,-4.4408920985e-16
1588958.38112,6803891.66854,-4.4408920985e-16,1588960.87112,6803891.34854,-4.4408920985e-16
1588960.87112,6803891.34854,-4.4408920985e-16,1588961.12112,6803893.24854,0.0
1588961.12112,6803893.24854,0.0,1588958.71112,6803893.56854,0.0
1588958.71112,6803893.56854,0.0,1588958.85112,6803894.64854,-2.22044604925e-16
1588958.85112,6803894.64854,-2.22044604925e-16,1588957.14161,6803894.87074,-2.22044604925e-16
1588957.14161,6803894.87074,-2.22044604925e-16,1588957.97313,6803901.28421,2.22044604925e-16
1588975.55870,6803899.01135,0.0,1588992.40112,6803896.69354,-2.22044604925e-16
1588992.40112,6803896.69354,-2.22044604925e-16,1588991.66640,6803890.13918,2.22044604925e-16
1588991.66640,6803890.13918,2.22044604925e-16,1588986.08112,6803890.89854,4.4408920985e-16
1588986.08112,6803890.89854,4.4408920985e-16,1588985.53112,6803886.88854,2.22044604925e-16
1588985.53112,6803886.88854,2.22044604925e-16,1588991.12112,6803886.12854,0.0
1588991.12112,6803886.12854,0.0,1588990.21434,6803879.58999,-4.4408920985e-16
1588990.21434,6803879.58999,-4.4408920985e-16,1588973.38968,6803881.92327,0.0
1588973.38968,6803881.92327,0.0,1588974.22112,6803888.47354,-2.22044604925e-16
1588974.22112,6803888.47354,-2.22044604925e-16,1588978.75112,6803887.89854,2.22044604925e-16
1588978.75112,6803887.89854,2.22044604925e-16,1588979.26013,6803891.90867,-6.66133814775e-16
1588979.26013,6803891.90867,-6.66133814775e-16,1588974.73112,6803892.48354,-4.4408920985e-16
1588974.73112,6803892.48354,-4.4408920985e-16,1588975.55870,6803899.01135,0.0
1588992.40112,6803896.69354,0.0,1589009.44112,6803894.34854,0.0
1589009.44112,6803894.34854,0.0,1589009.86112,6803893.98854,2.22044604925e-16
1589009.86112,6803893.98854,2.22044604925e-16,1589009.04112,6803887.64854,2.22044604925e-16
1589009.04112,6803887.64854,2.22044604925e-16,1589003.79112,6803888.31854,-4.4408920985e-16
1589003.79112,6803888.31854,-4.4408920985e-16,1589003.30112,6803884.47854,-4.4408920985e-16
1589003.30112,6803884.47854,-4.4408920985e-16,1589008.21112,6803883.84854,4.4408920985e-16
1589008.21112,6803883.84854,4.4408920985e-16,1589008.17112,6803883.57854,0.0
1589008.17112,6803883.57854,0.0,1589007.36766,6803877.21114,2.22044604925e-16
1589007.36766,6803877.21114,2.22044604925e-16,1588990.23183,6803879.58757,0.0
1588990.23183,6803879.58757,0.0,1588991.12112,6803886.12854,-4.4408920985e-16
1588991.12112,6803886.12854,-4.4408920985e-16,1588996.71112,6803885.36854,-4.4408920985e-16
1588996.71112,6803885.36854,-4.4408920985e-16,1588997.26112,6803889.37854,-4.4408920985e-16
1588997.26112,6803889.37854,-4.4408920985e-16,1588991.66640,6803890.13918,2.22044604925e-16
1588991.66640,6803890.13918,2.22044604925e-16,1588992.40112,6803896.69354,0.0