point,x,y,z
point_0,1588887.0,6803991.5,0.6
point_1,1588886.5,6803988.0,0.6
point_2,1588886.25,6803985.0,0.6
point_3,1588885.75,6803982.0,0.6
point_4,1588885.5,6803979.5,0.6
point_5,1588885.125,6803976.0,0.6
point_6,1588884.75,6803973.0,0.6
point_7,1588884.25,6803970.0,0.6
point_8,1588883.75,6803967.5,0.6
point_9,1588883.5,6803964.0,0.6
point_10,1588883.125,6803961.0,0.6
point_11,1588882.75,6803958.0,0.6
point_12,1588882.25,6803955.0,0.6
point_13,1588882.0,6803952.0,0.6
point_14,1588881.5,6803949.0,0.6
point_15,1588881.125,6803945.5,0.6
point_16,1588880.75,6803943.0,0.6
point_17,1588880.25,6803939.5,0.6
point_18,1588880.0,6803937.0,0.6
point_19,1588879.5,6803933.5,0.6
point_20,1588879.25,6803931.0,0.6
point_21,1588878.75,6803927.5,0.6
point_22,1588878.5,6803925.0,0.6
point_23,1588878.125,6803921.5,0.6
point_24,1588877.625,6803918.0,0.6
point_25,1588877.25,6803915.5,0.6
point_26,1588876.75,6803912.0,0.6
point_27,1588876.5,6803909.0,0.6
point_28,1588876.125,6803906.0,0.6
point_29,1588875.75,6803903.5,0.6
point_30,1588875.25,6803900.0,0.6
point_31,1588875.0,6803897.0,0.6
point_32,1588874.5,6803894.0,0.6
point_33,1588874.125,6803891.5,0.6
point_34,1588873.75,6803888.0,0.6
point_35,1588873.25,6803885.0,0.6
point_36,1588873.0,6803882.0,0.6
point_37,1588890.0,6803991.0,0.6
point_38,1588889.5,6803988.0,0.6
point_39,1588889.25,6803985.0,0.6
point_40,1588888.75,6803981.5,0.6
point_41,1588888.5,6803979.0,0.6
point_42,1588888.125,6803975.5,0.6
point_43,1588887.625,6803973.0,0.6
point_44,1588887.25,6803969.5,0.6
point_45,1588886.75,6803967.0,0.6
point_46,1588886.5,6803963.5,0.6
point_47,1588886.125,6803961.0,0.6
point_48,1588885.75,6803957.5,0.6
point_49,1588885.25,6803955.0,0.6
point_50,1588885.0,6803951.5,0.6
point_51,1588884.5,6803949.0,0.6
point_52,1588884.125,6803945.0,0.6
point_53,1588883.75,6803942.0,0.6
point_54,1588883.25,6803939.5,0.6
point_55,1588883.0,6803936.0,0.6
point_56,1588882.5,6803933.0,0.6
point_57,1588882.125,6803930.0,0.6
point_58,1588881.75,6803927.5,0.6
point_59,1588881.25,6803924.0,0.6
point_60,1588881.0,6803921.0,0.6
point_61,1588880.5,6803918.0,0.6
point_62,1588880.25,6803915.5,0.6
point_63,1588879.75,6803912.0,0.6
point_64,1588879.5,6803909.0,0.6
point_65,1588879.125,6803906.0,0.6
point_66,1588878.625,6803903.0,0.6
point_67,1588878.25,6803899.5,0.6
point_68,1588877.75,6803897.0,0.6
point_69,1588877.5,6803893.5,0.6
point_70,1588877.125,6803891.0,0.6
point_71,1588876.75,6803887.5,0.6
point_72,1588876.25,6803885.0,0.6
point_73,1588875.75,6803881.5,0.6
point_74,1588893.0,6803991.0,0.6
point_75,1588892.5,6803987.5,0.6
point_76,1588892.25,6803985.0,0.6
point_77,1588891.75,6803981.5,0.6
point_78,1588891.5,6803978.0,0.6
point_79,1588891.125,6803975.5,0.6
point_80,1588890.625,6803972.0,0.6
point_81,1588890.25,6803969.0,0.6
point_82,1588889.75,6803966.0,0.6
point_83,1588889.5,6803963.5,0.6
point_84,1588889.125,6803960.0,0.6
point_85,1588888.625,6803957.0,0.6
point_86,1588888.25,6803954.0,0.6
point_87,1588887.75,6803951.5,0.6
point_88,1588887.5,6803948.0,0.6
point_89,1588887.125,6803945.0,0.6
point_90,1588886.75,6803942.0,0.6
point_91,1588886.25,6803939.0,0.6
point_92,1588886.0,6803936.0,0.6
point_93,1588885.5,6803933.0,0.6
point_94,1588885.125,6803929.5,0.6
point_95,1588884.75,6803927.0,0.6
point_96,1588884.25,6803923.5,0.6
point_97,1588884.0,6803921.0,0.6
point_98,1588883.5,6803917.5,0.6
point_99,1588883.125,6803915.0,0.6
point_100,1588882.75,6803911.5,0.6
point_101,1588882.25,6803909.0,0.6
point_102,1588882.0,6803905.5,0.6
point_103,1588881.5,6803902.0,0.6
point_104,1588881.25,6803899.5,0.6
point_105,1588880.75,6803896.0,0.6
point_106,1588880.25,6803893.0,0.6
point_107,1588880.125,6803890.0,0.6
point_108,1588879.625,6803887.5,0.6
point_109,1588879.25,6803884.0,0.6
point_110,1588878.75,6803881.0,0.6
point_111,1588896.0,6803990.0,0.6
point_112,1588895.5,6803987.5,0.6
point_113,1588895.25,6803984.0,0.6
point_114,1588894.75,6803981.0,0.6
point_115,1588894.5,6803978.0,0.6
point_116,1588894.0,6803975.0,0.6
point_117,1588893.5,6803972.0,0.6
point_118,1588893.25,6803969.0,0.6
point_119,1588892.75,6803965.5,0.6
point_120,1588892.5,6803963.0,0.6
point_121,1588892.125,6803959.5,0.6
point_122,1588891.625,6803957.0,0.6
point_123,1588891.25,6803953.5,0.6
point_124,1588890.75,6803951.0,0.6
point_125,1588890.5,6803947.5,0.6
point_126,1588890.125,6803945.0,0.6
point_127,1588889.625,6803941.5,0.6
point_128,1588889.25,6803939.0,0.6
point_129,1588888.75,6803935.5,0.6
point_130,1588888.5,6803933.0,0.6
point_131,1588888.125,6803929.0,0.6
point_132,1588887.75,6803926.0,0.6
point_133,1588887.25,6803923.5,0.6
point_134,1588886.75,6803920.0,0.6
point_135,1588886.5,6803917.0,0.6
point_136,1588886.125,6803914.0,0.6
point_137,1588885.75,6803911.5,0.6
point_138,1588885.25,6803908.0,0.6
point_139,1588885.0,6803905.0,0.6
point_140,1588884.5,6803902.0,0.6
point_141,1588884.125,6803899.5,0.6
point_142,1588883.75,6803896.0,0.6
point_143,1588883.25,6803893.0,0.6
point_144,1588883.0,6803890.0,0.6
point_145,1588882.5,6803887.0,0.6
point_146,1588882.125,6803883.5,0.6
point_147,1588881.75,6803881.0,0.6
point_148,1588899.0,6803989.5,0.6
point_149,1588898.5,6803987.0,0.6
point_150,1588898.25,6803983.5,0.6
point_151,1588897.75,6803981.0,0.6
point_152,1588897.375,6803977.5,0.6
point_153,1588897.0,6803975.0,0.6
point_154,1588896.5,6803971.5,0.6
point_155,1588896.25,6803969.0,0.6
point_156,1588895.75,6803965.5,0.6
point_157,1588895.5,6803962.0,0.6
point_158,1588895.0,6803959.5,0.6
point_159,1588894.5,6803956.0,0.6
point_160,1588894.25,6803953.0,0.6
point_161,1588893.75,6803950.0,0.6
point_162,1588893.5,6803947.5,0.6
point_163,1588893.125,6803944.0,0.6
point_164,1588892.625,6803941.0,0.6
point_165,1588892.25,6803938.0,0.6
point_166,1588891.75,6803935.5,0.6
point_167,1588891.5,6803932.0,0.6
point_168,1588891.125,6803929.0,0.6
point_169,1588890.625,6803926.0,0.6
point_170,1588890.25,6803923.0,0.6
point_171,1588889.75,6803920.0,0.6
point_172,1588889.5,6803917.0,0.6
point_173,1588889.125,6803913.5,0.6
point_174,1588888.625,6803911.0,0.6
point_175,1588888.25,6803907.5,0.6
point_176,1588887.75,6803905.0,0.6
point_177,1588887.5,6803901.5,0.6
point_178,1588887.125,6803899.0,0.6
point_179,1588886.625,6803895.5,0.6
point_180,1588886.25,6803893.0,0.6
point_181,1588885.75,6803889.5,0.6
point_182,1588885.5,6803887.0,0.6
point_183,1588885.125,6803883.5,0.6
point_184,1588884.625,6803880.0,0.6
point_185,1588902.0,6803989.0,0.6
point_186,1588901.5,6803986.0,0.6
point_187,1588901.25,6803983.5,0.6
point_188,1588900.75,6803980.0,0.6
point_189,1588900.25,6803977.0,0.6
point_190,1588900.0,6803974.0,0.6
point_191,1588899.5,6803971.5,0.6
point_192,1588899.25,6803968.0,0.6
point_193,1588898.75,6803965.0,0.6
point_194,1588898.25,6803962.0,0.6
point_195,1588898.0,6803959.0,0.6
point_196,1588897.5,6803956.0,0.6
point_197,1588897.25,6803953.0,0.6
point_198,1588896.75,6803949.5,0.6
point_199,1588896.25,6803947.0,0.6
point_200,1588896.0,6803943.5,0.6
point_201,1588895.5,6803941.0,0.6
point_202,1588895.25,6803937.5,0.6
point_203,1588894.75,6803935.0,0.6
point_204,1588894.25,6803931.5,0.6
point_205,1588894.0,6803929.0,0.6
point_206,1588893.5,6803925.5,0.6
point_207,1588893.25,6803923.0,0.6
point_208,1588892.75,6803919.5,0.6
point_209,1588892.25,6803917.0,0.6
point_210,1588892.0,6803913.5,0.6
point_211,1588891.5,6803910.0,0.6
point_212,1588891.25,6803907.5,0.6
point_213,1588890.75,6803904.0,0.6
point_214,1588890.25,6803901.0,0.6
point_215,1588890.0,6803898.0,0.6
point_216,1588889.5,6803895.5,0.6
point_217,1588889.25,6803892.0,0.6
point_218,1588888.75,6803889.0,0.6
point_219,1588888.25,6803886.0,0.6
point_220,1588888.125,6803883.5,0.6
point_221,1588887.625,6803880.0,0.6
point_222,1588905.0,6803989.0,0.6
point_223,1588904.5,6803986.0,0.6
point_224,1588904.25,6803983.0,0.6
point_225,1588903.75,6803979.5,0.6
point_226,1588903.25,6803977.0,0.6
point_227,1588903.0,6803973.5,0.6
point_228,1588902.5,6803971.0,0.6
point_229,1588902.25,6803967.5,0.6
point_230,1588901.75,6803965.0,0.6
point_231,1588901.25,6803961.5,0.6
point_232,1588901.0,6803959.0,0.6
point_233,1588900.5,6803955.5,0.6
point_234,1588900.125,6803953.0,0.6
point_235,1588899.75,6803949.5,0.6
point_236,1588899.25,6803946.0,0.6
point_237,1588899.0,6803943.5,0.6
point_238,1588898.5,6803940.0,0.6
point_239,1588898.125,6803937.0,0.6
point_240,1588897.75,6803934.0,0.6
point_241,1588897.25,6803931.5,0.6
point_242,1588897.0,6803928.0,0.6
point_243,1588896.5,6803925.0,0.6
point_244,1588896.125,6803922.0,0.6
point_245,1588895.75,6803919.5,0.6
point_246,1588895.25,6803916.0,0.6
point_247,1588895.0,6803913.0,0.6
point_248,1588894.5,6803910.0,0.6
point_249,1588894.125,6803907.0,0.6
point_250,1588893.75,6803904.0,0.6
point_251,1588893.25,6803901.0,0.6
point_252,1588893.0,6803897.5,0.6
point_253,1588892.5,6803895.0,0.6
point_254,1588892.125,6803891.5,0.6
point_255,1588891.75,6803889.0,0.6
point_256,1588891.25,6803885.5,0.6
point_257,1588891.0,6803883.0,0.6
point_258,1588890.5,6803879.5,0.6
point_259,1588908.0,6803989.0,0.6
point_260,1588907.5,6803985.5,0.6
point_261,1588907.25,6803982.0,0.6
point_262,1588906.75,6803979.5,0.6
point_263,1588906.25,6803976.0,0.6
point_264,1588906.0,6803973.0,0.6
point_265,1588905.5,6803970.0,0.6
point_266,1588905.125,6803967.5,0.6
point_267,1588904.75,6803964.0,0.6
point_268,1588904.25,6803961.0,0.6
point_269,1588904.0,6803958.0,0.6
point_270,1588903.5,6803955.5,0.6
point_271,1588903.125,6803952.0,0.6
point_272,1588902.75,6803949.0,0.6
point_273,1588902.25,6803946.0,0.6
point_274,1588902.0,6803943.0,0.6
point_275,1588901.5,6803940.0,0.6
point_276,1588901.125,6803937.0,0.6
point_277,1588900.75,6803933.5,0.6
point_278,1588900.25,6803931.0,0.6
point_279,1588900.0,6803927.5,0.6
point_280,1588899.5,6803925.0,0.6
point_281,1588899.125,6803921.5,0.6
point_282,1588898.75,6803919.0,0.6
point_283,1588898.25,6803915.5,0.6
point_284,1588897.75,6803913.0,0.6
point_285,1588897.5,6803909.5,0.6
point_286,1588897.125,6803907.0,0.6
point_287,1588896.625,6803903.5,0.6
point_288,1588896.25,6803901.0,0.6
point_289,1588895.75,6803897.5,0.6
point_290,1588895.5,6803894.0,0.6
point_291,1588895.125,6803891.5,0.6
point_292,1588894.625,6803888.0,0.6
point_293,1588894.25,6803885.0,0.6
point_294,1588893.75,6803882.0,0.6
point_295,1588893.5,6803879.5,0.6
point_296,1588911.0,6803988.0,0.6
point_297,1588910.5,6803985.0,0.6
point_298,1588910.25,6803982.0,0.6
point_299,1588909.75,6803979.5,0.6
point_300,1588909.25,6803976.0,0.6
point_301,1588909.0,6803973.0,0.6
point_302,1588908.5,6803970.0,0.6
point_303,1588908.125,6803967.0,0.6
point_304,1588907.75,6803963.5,0.6
point_305,1588907.25,6803961.0,0.6
point_306,1588907.0,6803957.5,0.6
point_307,1588906.5,6803955.0,0.6
point_308,1588906.125,6803951.5,0.6
point_309,1588905.75,6803949.0,0.6
point_310,1588905.25,6803945.5,0.6
point_311,1588904.75,6803943.0,0.6
point_312,1588904.5,6803939.5,0.6
point_313,1588904.125,6803937.0,0.6
point_314,1588903.625,6803933.5,0.6
point_315,1588903.25,6803930.0,0.6
point_316,1588902.75,6803927.5,0.6
point_317,1588902.5,6803924.0,0.6
point_318,1588902.125,6803921.0,0.6
point_319,1588901.625,6803918.0,0.6
point_320,1588901.25,6803915.5,0.6
point_321,1588900.75,6803912.0,0.6
point_322,1588900.5,6803909.0,0.6
point_323,1588900.125,6803906.0,0.6
point_324,1588899.625,6803903.5,0.6
point_325,1588899.25,6803900.0,0.6
point_326,1588898.75,6803897.0,0.6
point_327,1588898.25,6803894.0,0.6
point_328,1588898.0,6803891.0,0.6
point_329,1588897.5,6803888.0,0.6
point_330,1588897.125,6803885.0,0.6
point_331,1588896.75,6803881.5,0.6
point_332,1588896.25,6803879.0,0.6
point_333,1588914.0,6803987.5,0.6
point_334,1588913.5,6803985.0,0.6
point_335,1588913.125,6803981.5,0.6
point_336,1588912.75,6803979.0,0.6
point_337,1588912.25,6803975.5,0.6
point_338,1588912.0,6803973.0,0.6
point_339,1588911.5,6803969.5,0.6
point_340,1588911.125,6803966.0,0.6
point_341,1588910.75,6803963.5,0.6
point_342,1588910.25,6803960.0,0.6
point_343,1588909.875,6803957.0,0.6
point_344,1588909.5,6803954.0,0.6
point_345,1588909.125,6803951.5,0.6
point_346,1588908.625,6803948.0,0.6
point_347,1588908.25,6803945.0,0.6
point_348,1588907.75,6803942.0,0.6
point_349,1588907.5,6803939.5,0.6
point_350,1588907.125,6803936.0,0.6
point_351,1588906.625,6803933.0,0.6
point_352,1588906.25,6803930.0,0.6
point_353,1588905.75,6803927.5,0.6
point_354,1588905.5,6803924.0,0.6
point_355,1588905.0,6803921.0,0.6
point_356,1588904.5,6803918.0,0.6
point_357,1588904.125,6803915.0,0.6
point_358,1588903.75,6803911.5,0.6
point_359,1588903.25,6803909.0,0.6
point_360,1588903.0,6803905.5,0.6
point_361,1588902.5,6803903.0,0.6
point_362,1588902.125,6803899.5,0.6
point_363,1588901.75,6803897.0,0.6
point_364,1588901.25,6803893.5,0.6
point_365,1588901.0,6803891.0,0.6
point_366,1588900.5,6803887.5,0.6
point_367,1588900.125,6803885.0,0.6
point_368,1588899.75,6803881.5,0.6
point_369,1588899.25,6803878.0,0.6
point_370,1588917.0,6803987.5,0.6
point_371,1588916.5,6803984.0,0.6
point_372,1588916.125,6803981.0,0.6
point_373,1588915.75,6803978.0,0.6
point_374,1588915.25,6803975.5,0.6
point_375,1588915.0,6803972.0,0.6
point_376,1588914.5,6803969.0,0.6
point_377,1588914.125,6803966.0,0.6
point_378,1588913.75,6803963.5,0.6
point_379,1588913.25,6803960.0,0.6
point_380,1588912.75,6803957.0,0.6
point_381,1588912.5,6803954.0,0.6
point_382,1588912.125,6803951.0,0.6
point_383,1588911.625,6803947.5,0.6
point_384,1588911.25,6803945.0,0.6
point_385,1588910.75,6803941.5,0.6
point_386,1588910.5,6803939.0,0.6
point_387,1588910.0,6803935.5,0.6
point_388,1588909.5,6803933.0,0.6
point_389,1588909.25,6803929.5,0.6
point_390,1588908.75,6803927.0,0.6
point_391,1588908.25,6803923.5,0.6
point_392,1588908.0,6803921.0,0.6
point_393,1588907.5,6803917.5,0.6
point_394,1588907.125,6803914.0,0.6
point_395,1588906.75,6803911.5,0.6
point_396,1588906.25,6803908.0,0.6
point_397,1588905.75,6803905.0,0.6
point_398,1588905.5,6803902.0,0.6
point_399,1588905.125,6803899.5,0.6
point_400,1588904.625,6803896.0,0.6
point_401,1588904.25,6803893.0,0.6
point_402,1588903.75,6803890.0,0.6
point_403,1588903.5,6803887.5,0.6
point_404,1588903.125,6803884.0,0.6
point_405,1588902.625,6803881.0,0.6
point_406,1588902.25,6803878.0,0.6
point_407,1588920.0,6803987.0,0.6
point_408,1588919.5,6803983.5,0.6
point_409,1588919.125,6803981.0,0.6
point_410,1588918.75,6803977.5,0.6
point_411,1588918.25,6803975.0,0.6
point_412,1588918.0,6803971.5,0.6
point_413,1588917.5,6803969.0,0.6
point_414,1588917.125,6803965.5,0.6
point_415,1588916.75,6803963.0,0.6
point_416,1588916.25,6803959.5,0.6
point_417,1588915.75,6803957.0,0.6
point_418,1588915.5,6803953.5,0.6
point_419,1588915.125,6803950.0,0.6
point_420,1588914.625,6803947.5,0.6
point_421,1588914.25,6803944.0,0.6
point_422,1588913.75,6803941.0,0.6
point_423,1588913.25,6803938.0,0.6
point_424,1588913.0,6803935.5,0.6
point_425,1588912.5,6803932.0,0.6
point_426,1588912.125,6803929.0,0.6
point_427,1588911.75,6803926.0,0.6
point_428,1588911.25,6803923.5,0.6
point_429,1588911.0,6803920.0,0.6
point_430,1588910.5,6803917.0,0.6
point_431,1588910.125,6803914.0,0.6
point_432,1588909.625,6803911.5,0.6
point_433,1588909.25,6803908.0,0.6
point_434,1588908.75,6803905.0,0.6
point_435,1588908.5,6803902.0,0.6
point_436,1588908.125,6803899.0,0.6
point_437,1588907.625,6803895.5,0.6
point_438,1588907.25,6803893.0,0.6
point_439,1588906.75,6803889.5,0.6
point_440,1588906.25,6803887.0,0.6
point_441,1588906.0,6803883.5,0.6
point_442,1588905.5,6803881.0,0.6
point_443,1588905.125,6803877.5,0.6
point_444,1588923.0,6803986.0,0.6
point_445,1588922.5,6803983.5,0.6
point_446,1588922.125,6803980.0,0.6
point_447,1588921.75,6803977.0,0.6
point_448,1588921.25,6803974.0,0.6
point_449,1588920.875,6803971.5,0.6
point_450,1588920.5,6803968.0,0.6
point_451,1588920.125,6803965.0,0.6
point_452,1588919.625,6803962.0,0.6
point_453,1588919.25,6803959.5,0.6
point_454,1588918.75,6803956.0,0.6
point_455,1588918.5,6803953.0,0.6
point_456,1588918.0,6803950.0,0.6
point_457,1588917.5,6803947.5,0.6
point_458,1588917.125,6803944.0,0.6
point_459,1588916.75,6803941.0,0.6
point_460,1588916.25,6803938.0,0.6
point_461,1588916.0,6803935.0,0.6
point_462,1588915.5,6803931.5,0.6
point_463,1588915.125,6803929.0,0.6
point_464,1588914.75,6803925.5,0.6
point_465,1588914.25,6803923.0,0.6
point_466,1588913.75,6803919.5,0.6
point_467,1588913.5,6803917.0,0.6
point_468,1588913.125,6803913.5,0.6
point_469,1588912.625,6803911.0,0.6
point_470,1588912.25,6803907.5,0.6
point_471,1588911.75,6803905.0,0.6
point_472,1588911.25,6803901.5,0.6
point_473,1588911.0,6803898.0,0.6
point_474,1588910.5,6803895.5,0.6
point_475,1588910.125,6803892.0,0.6
point_476,1588909.75,6803889.0,0.6
point_477,1588909.25,6803886.0,0.6
point_478,1588908.75,6803883.5,0.6
point_479,1588908.5,6803880.0,0.6
point_480,1588908.125,6803877.0,0.6
point_481,1588926.0,6803986.0,0.6
point_482,1588925.5,6803983.5,0.6
point_483,1588925.125,6803980.0,0.6
point_484,1588924.75,6803977.0,0.6
point_485,1588924.25,6803974.0,0.6
point_486,1588923.875,6803971.0,0.6
point_487,1588923.5,6803967.5,0.6
point_488,1588923.125,6803965.0,0.6
point_489,1588922.625,6803961.5,0.6
point_490,1588922.25,6803959.0,0.6
point_491,1588921.75,6803955.5,0.6
point_492,1588921.375,6803953.0,0.6
point_493,1588921.0,6803949.5,0.6
point_494,1588920.5,6803947.0,0.6
point_495,1588920.125,6803943.5,0.6
point_496,1588919.75,6803941.0,0.6
point_497,1588919.25,6803937.5,0.6
point_498,1588918.75,6803935.0,0.6
point_499,1588918.5,6803931.5,0.6
point_500,1588918.125,6803928.0,0.6
point_501,1588917.625,6803925.0,0.6
point_502,1588917.25,6803922.0,0.6
point_503,1588916.75,6803919.5,0.6
point_504,1588916.25,6803916.0,0.6
point_505,1588916.0,6803913.0,0.6
point_506,1588915.5,6803910.0,0.6
point_507,1588915.125,6803907.5,0.6
point_508,1588914.75,6803904.0,0.6
point_509,1588914.25,6803901.0,0.6
point_510,1588913.75,6803898.0,0.6
point_511,1588913.5,6803895.5,0.6
point_512,1588913.125,6803892.0,0.6
point_513,1588912.625,6803889.0,0.6
point_514,1588912.25,6803886.0,0.6
point_515,1588911.75,6803883.0,0.6
point_516,1588911.25,6803879.5,0.6
point_517,1588911.0,6803877.0,0.6
point_518,1588929.0,6803985.5,0.6
point_519,1588928.5,6803983.0,0.6
point_520,1588928.125,6803979.5,0.6
point_521,1588927.75,6803977.0,0.6
point_522,1588927.25,6803973.5,0.6
point_523,1588926.75,6803971.0,0.6
point_524,1588926.5,6803967.5,0.6
point_525,1588926.125,6803964.0,0.6
point_526,1588925.625,6803961.0,0.6
point_527,1588925.25,6803958.0,0.6
point_528,1588924.75,6803955.5,0.6
point_529,1588924.25,6803952.0,0.6
point_530,1588924.0,6803949.0,0.6
point_531,1588923.5,6803946.0,0.6
point_532,1588923.125,6803943.5,0.6
point_533,1588922.75,6803940.0,0.6
point_534,1588922.25,6803937.0,0.6
point_535,1588921.75,6803934.0,0.6
point_536,1588921.5,6803931.5,0.6
point_537,1588921.0,6803928.0,0.6
point_538,1588920.5,6803925.0,0.6
point_539,1588920.125,6803922.0,0.6
point_540,1588919.75,6803919.0,0.6
point_541,1588919.25,6803915.5,0.6
point_542,1588919.0,6803913.0,0.6
point_543,1588918.5,6803909.5,0.6
point_544,1588918.125,6803907.0,0.6
point_545,1588917.625,6803903.5,0.6
point_546,1588917.25,6803901.0,0.6
point_547,1588916.75,6803897.5,0.6
point_548,1588916.5,6803895.0,0.6
point_549,1588916.0,6803891.5,0.6
point_550,1588915.5,6803889.0,0.6
point_551,1588915.125,6803885.5,0.6
point_552,1588914.75,6803883.0,0.6
point_553,1588914.25,6803879.5,0.6
point_554,1588913.75,6803877.0,0.6
point_555,1588932.0,6803985.0,0.6
point_556,1588931.5,6803982.0,0.6
point_557,1588931.125,6803979.5,0.6
point_558,1588930.75,6803976.0,0.6
point_559,1588930.25,6803973.0,0.6
point_560,1588929.75,6803970.0,0.6
point_561,1588929.5,6803967.5,0.6
point_562,1588929.0,6803964.0,0.6
point_563,1588928.5,6803961.0,0.6
point_564,1588928.25,6803958.0,0.6
point_565,1588927.75,6803955.0,0.6
point_566,1588927.25,6803951.5,0.6
point_567,1588927.0,6803949.0,0.6
point_568,1588926.5,6803945.5,0.6
point_569,1588926.125,6803943.0,0.6
point_570,1588925.625,6803939.5,0.6
point_571,1588925.25,6803937.0,0.6
point_572,1588924.75,6803933.5,0.6
point_573,1588924.375,6803931.0,0.6
point_574,1588924.0,6803927.5,0.6
point_575,1588923.5,6803925.0,0.6
point_576,1588923.125,6803921.5,0.6
point_577,1588922.75,6803919.0,0.6
point_578,1588922.25,6803915.5,0.6
point_579,1588921.75,6803913.0,0.6
point_580,1588921.5,6803909.0,0.6
point_581,1588921.125,6803906.0,0.6
point_582,1588920.625,6803903.5,0.6
point_583,1588920.125,6803900.0,0.6
point_584,1588919.75,6803897.0,0.6
point_585,1588919.25,6803894.0,0.6
point_586,1588919.0,6803891.5,0.6
point_587,1588918.5,6803888.0,0.6
point_588,1588918.125,6803885.0,0.6
point_589,1588917.625,6803882.0,0.6
point_590,1588917.25,6803879.5,0.6
point_591,1588916.75,6803876.0,0.6
point_592,1588935.0,6803985.0,0.6
point_593,1588934.5,6803981.5,0.6
point_594,1588934.125,6803979.0,0.6
point_595,1588933.75,6803975.5,0.6
point_596,1588933.25,6803973.0,0.6
point_597,1588932.75,6803969.5,0.6
point_598,1588932.5,6803967.0,0.6
point_599,1588932.0,6803963.5,0.6
point_600,1588931.5,6803961.0,0.6
point_601,1588931.125,6803957.5,0.6
point_602,1588930.75,6803955.0,0.6
point_603,1588930.25,6803951.5,0.6
point_604,1588929.875,6803949.0,0.6
point_605,1588929.5,6803945.0,0.6
point_606,1588929.125,6803942.0,0.6
point_607,1588928.625,6803939.5,0.6
point_608,1588928.25,6803936.0,0.6
point_609,1588927.75,6803933.0,0.6
point_610,1588927.25,6803930.0,0.6
point_611,1588927.0,6803927.5,0.6
point_612,1588926.5,6803924.0,0.6
point_613,1588926.125,6803921.0,0.6
point_614,1588925.625,6803918.0,0.6
point_615,1588925.25,6803915.5,0.6
point_616,1588924.75,6803912.0,0.6
point_617,1588924.5,6803909.0,0.6
point_618,1588924.0,6803906.0,0.6
point_619,1588923.5,6803903.0,0.6
point_620,1588923.125,6803900.0,0.6
point_621,1588922.75,6803897.0,0.6
point_622,1588922.25,6803893.5,0.6
point_623,1588921.75,6803891.0,0.6
point_624,1588921.5,6803887.5,0.6
point_625,1588921.125,6803885.0,0.6
point_626,1588920.625,6803881.5,0.6
point_627,1588920.125,6803879.0,0.6
point_628,1588919.75,6803875.5,0.6
point_629,1588938.0,6803984.0,0.6
point_630,1588937.5,6803981.0,0.6
point_631,1588937.125,6803978.0,0.6
point_632,1588936.75,6803975.5,0.6
point_633,1588936.25,6803972.0,0.6
point_634,1588935.75,6803969.0,0.6
point_635,1588935.375,6803966.0,0.6
point_636,1588935.0,6803963.5,0.6
point_637,1588934.5,6803960.0,0.6
point_638,1588934.125,6803957.0,0.6
point_639,1588933.75,6803954.0,0.6
point_640,1588933.25,6803951.5,0.6
point_641,1588932.75,6803948.0,0.6
point_642,1588932.5,6803945.0,0.6
point_643,1588932.0,6803942.0,0.6
point_644,1588931.5,6803939.0,0.6
point_645,1588931.125,6803936.0,0.6
point_646,1588930.75,6803933.0,0.6
point_647,1588930.25,6803929.5,0.6
point_648,1588929.875,6803927.0,0.6
point_649,1588929.5,6803923.5,0.6
point_650,1588929.125,6803921.0,0.6
point_651,1588928.625,6803917.5,0.6
point_652,1588928.25,6803915.0,0.6
point_653,1588927.75,6803911.5,0.6
point_654,1588927.25,6803909.0,0.6
point_655,1588927.0,6803905.5,0.6
point_656,1588926.5,6803903.0,0.6
point_657,1588926.125,6803899.5,0.6
point_658,1588925.625,6803897.0,0.6
point_659,1588925.25,6803893.5,0.6
point_660,1588924.75,6803890.0,0.6
point_661,1588924.25,6803887.5,0.6
point_662,1588924.0,6803884.0,0.6
point_663,1588923.5,6803881.0,0.6
point_664,1588923.125,6803878.0,0.6
point_665,1588922.625,6803875.5,0.6
point_666,1588941.0,6803984.0,0.6
point_667,1588940.5,6803981.0,0.6
point_668,1588940.125,6803978.0,0.6
point_669,1588939.625,6803975.0,0.6
point_670,1588939.25,6803971.5,0.6
point_671,1588938.75,6803969.0,0.6
point_672,1588938.375,6803965.5,0.6
point_673,1588938.0,6803963.0,0.6
point_674,1588937.5,6803959.5,0.6
point_675,1588937.125,6803957.0,0.6
point_676,1588936.75,6803953.5,0.6
point_677,1588936.25,6803951.0,0.6
point_678,1588935.75,6803947.5,0.6
point_679,1588935.5,6803945.0,0.6
point_680,1588935.0,6803941.5,0.6
point_681,1588934.5,6803939.0,0.6
point_682,1588934.125,6803935.5,0.6
point_683,1588933.75,6803933.0,0.6
point_684,1588933.25,6803929.5,0.6
point_685,1588932.75,6803926.0,0.6
point_686,1588932.5,6803923.5,0.6
point_687,1588932.0,6803920.0,0.6
point_688,1588931.5,6803917.0,0.6
point_689,1588931.125,6803914.0,0.6
point_690,1588930.75,6803911.5,0.6
point_691,1588930.25,6803908.0,0.6
point_692,1588929.75,6803905.0,0.6
point_693,1588929.5,6803902.0,0.6
point_694,1588929.0,6803899.5,0.6
point_695,1588928.5,6803896.0,0.6
point_696,1588928.125,6803893.0,0.6
point_697,1588927.75,6803890.0,0.6
point_698,1588927.25,6803887.0,0.6
point_699,1588926.75,6803884.0,0.6
point_700,1588926.5,6803881.0,0.6
point_701,1588926.125,6803877.5,0.6
point_702,1588925.625,6803875.0,0.6
point_703,1588944.0,6803983.5,0.6
point_704,1588943.5,6803981.0,0.6
point_705,1588943.125,6803977.5,0.6
point_706,1588942.625,6803975.0,0.6
point_707,1588942.25,6803971.5,0.6
point_708,1588941.75,6803969.0,0.6
point_709,1588941.375,6803965.0,0.6
point_710,1588941.0,6803962.0,0.6
point_711,1588940.5,6803959.5,0.6
point_712,1588940.125,6803956.0,0.6
point_713,1588939.625,6803953.0,0.6
point_714,1588939.25,6803950.0,0.6
point_715,1588938.75,6803947.5,0.6
point_716,1588938.25,6803944.0,0.6
point_717,1588938.0,6803941.0,0.6
point_718,1588937.5,6803938.0,0.6
point_719,1588937.125,6803935.5,0.6
point_720,1588936.625,6803932.0,0.6
point_721,1588936.25,6803929.0,0.6
point_722,1588935.75,6803926.0,0.6
point_723,1588935.25,6803923.0,0.6
point_724,1588935.0,6803920.0,0.6
point_725,1588934.5,6803917.0,0.6
point_726,1588934.125,6803913.5,0.6
point_727,1588933.625,6803911.0,0.6
point_728,1588933.25,6803907.5,0.6
point_729,1588932.75,6803905.0,0.6
point_730,1588932.25,6803901.5,0.6
point_731,1588932.0,6803899.0,0.6
point_732,1588931.5,6803895.5,0.6
point_733,1588931.125,6803893.0,0.6
point_734,1588930.625,6803889.5,0.6
point_735,1588930.25,6803887.0,0.6
point_736,1588929.75,6803883.5,0.6
point_737,1588929.25,6803881.0,0.6
point_738,1588929.0,6803877.5,0.6
point_739,1588928.5,6803874.0,0.6
point_740,1588947.0,6803983.5,0.6
point_741,1588946.5,6803980.0,0.6
point_742,1588946.125,6803977.0,0.6
point_743,1588945.625,6803974.0,0.6
point_744,1588945.25,6803971.5,0.6
point_745,1588944.75,6803968.0,0.6
point_746,1588944.25,6803965.0,0.6
point_747,1588944.0,6803962.0,0.6
point_748,1588943.5,6803959.0,0.6
point_749,1588943.125,6803956.0,0.6
point_750,1588942.625,6803953.0,0.6
point_751,1588942.25,6803949.5,0.6
point_752,1588941.75,6803947.0,0.6
point_753,1588941.25,6803943.5,0.6
point_754,1588941.0,6803941.0,0.6
point_755,1588940.5,6803937.5,0.6
point_756,1588940.125,6803935.0,0.6
point_757,1588939.625,6803931.5,0.6
point_758,1588939.25,6803929.0,0.6
point_759,1588938.75,6803925.5,0.6
point_760,1588938.25,6803923.0,0.6
point_761,1588938.0,6803919.5,0.6
point_762,1588937.5,6803917.0,0.6
point_763,1588937.125,6803913.5,0.6
point_764,1588936.625,6803910.0,0.6
point_765,1588936.125,6803907.5,0.6
point_766,1588935.75,6803904.0,0.6
point_767,1588935.25,6803901.0,0.6
point_768,1588934.75,6803898.0,0.6
point_769,1588934.5,6803895.5,0.6
point_770,1588934.125,6803892.0,0.6
point_771,1588933.625,6803889.0,0.6
point_772,1588933.125,6803886.0,0.6
point_773,1588932.75,6803883.5,0.6
point_774,1588932.25,6803880.0,0.6
point_775,1588931.75,6803877.0,0.6
point_776,1588931.5,6803874.0,0.6
point_777,1588950.0,6803983.0,0.6
point_778,1588949.5,6803979.5,0.6
point_779,1588949.125,6803977.0,0.6
point_780,1588948.625,6803973.5,0.6
point_781,1588948.25,6803971.0,0.6
point_782,1588947.75,6803967.5,0.6
point_783,1588947.25,6803965.0,0.6
point_784,1588947.0,6803961.5,0.6
point_785,1588946.5,6803959.0,0.6
point_786,1588946.125,6803955.5,0.6
point_787,1588945.625,6803953.0,0.6
point_788,1588945.25,6803949.5,0.6
point_789,1588944.75,6803946.0,0.6
point_790,1588944.25,6803943.5,0.6
point_791,1588943.875,6803940.0,0.6
point_792,1588943.5,6803937.0,0.6
point_793,1588943.0,6803934.0,0.6
point_794,1588942.5,6803931.5,0.6
point_795,1588942.125,6803928.0,0.6
point_796,1588941.75,6803925.0,0.6
point_797,1588941.25,6803922.0,0.6
point_798,1588940.75,6803919.5,0.6
point_799,1588940.5,6803916.0,0.6
point_800,1588940.0,6803913.0,0.6
point_801,1588939.5,6803910.0,0.6
point_802,1588939.125,6803907.5,0.6
point_803,1588938.625,6803904.0,0.6
point_804,1588938.25,6803901.0,0.6
point_805,1588937.75,6803898.0,0.6
point_806,1588937.5,6803895.0,0.6
point_807,1588937.0,6803891.5,0.6
point_808,1588936.5,6803889.0,0.6
point_809,1588936.125,6803885.5,0.6
point_810,1588935.625,6803883.0,0.6
point_811,1588935.25,6803879.5,0.6
point_812,1588934.75,6803877.0,0.6
point_813,1588934.25,6803873.5,0.6
point_814,1588953.0,6803982.0,0.6
point_815,1588952.5,6803979.5,0.6
point_816,1588952.125,6803976.0,0.6
point_817,1588951.625,6803973.0,0.6
point_818,1588951.25,6803970.0,0.6
point_819,1588950.75,6803967.5,0.6
point_820,1588950.25,6803964.0,0.6
point_821,1588949.875,6803961.0,0.6
point_822,1588949.5,6803958.0,0.6
point_823,1588949.0,6803955.5,0.6
point_824,1588948.5,6803952.0,0.6
point_825,1588948.125,6803949.0,0.6
point_826,1588947.75,6803946.0,0.6
point_827,1588947.25,6803943.0,0.6
point_828,1588946.75,6803940.0,0.6
point_829,1588946.5,6803937.0,0.6
point_830,1588946.0,6803933.5,0.6
point_831,1588945.5,6803931.0,0.6
point_832,1588945.125,6803927.5,0.6
point_833,1588944.625,6803925.0,0.6
point_834,1588944.25,6803921.5,0.6
point_835,1588943.75,6803919.0,0.6
point_836,1588943.25,6803915.5,0.6
point_837,1588943.0,6803913.0,0.6
point_838,1588942.5,6803909.5,0.6
point_839,1588942.125,6803907.0,0.6
point_840,1588941.625,6803903.5,0.6
point_841,1588941.25,6803901.0,0.6
point_842,1588940.75,6803897.5,0.6
point_843,1588940.25,6803894.0,0.6
point_844,1588940.0,6803891.5,0.6
point_845,1588939.5,6803888.0,0.6
point_846,1588939.125,6803885.0,0.6
point_847,1588938.625,6803882.0,0.6
point_848,1588938.125,6803879.5,0.6
point_849,1588937.75,6803876.0,0.6
point_850,1588937.25,6803873.0,0.6
point_851,1588956.0,6803982.0,0.6
point_852,1588955.5,6803979.0,0.6
point_853,1588955.125,6803976.0,0.6
point_854,1588954.625,6803973.0,0.6
point_855,1588954.25,6803969.5,0.6
point_856,1588953.75,6803967.0,0.6
point_857,1588953.25,6803963.5,0.6
point_858,1588952.875,6803961.0,0.6
point_859,1588952.5,6803957.5,0.6
point_860,1588952.0,6803955.0,0.6
point_861,1588951.5,6803951.5,0.6
point_862,1588951.125,6803949.0,0.6
point_863,1588950.75,6803945.5,0.6
point_864,1588950.25,6803943.0,0.6
point_865,1588949.75,6803939.5,0.6
point_866,1588949.375,6803937.0,0.6
point_867,1588949.0,6803933.5,0.6
point_868,1588948.5,6803930.0,0.6
point_869,1588948.125,6803927.5,0.6
point_870,1588947.625,6803924.0,0.6
point_871,1588947.25,6803921.0,0.6
point_872,1588946.75,6803918.0,0.6
point_873,1588946.25,6803915.5,0.6
point_874,1588945.875,6803912.0,0.6
point_875,1588945.5,6803909.0,0.6
point_876,1588945.0,6803906.0,0.6
point_877,1588944.5,6803903.5,0.6
point_878,1588944.125,6803900.0,0.6
point_879,1588943.75,6803897.0,0.6
point_880,1588943.25,6803894.0,0.6
point_881,1588942.75,6803891.5,0.6
point_882,1588942.5,6803888.0,0.6
point_883,1588942.0,6803885.0,0.6
point_884,1588941.5,6803882.0,0.6
point_885,1588941.125,6803879.0,0.6
point_886,1588940.625,6803876.0,0.6
point_887,1588940.25,6803873.0,0.6
point_888,1588959.0,6803981.5,0.6
point_889,1588958.5,6803979.0,0.6
point_890,1588958.125,6803975.5,0.6
point_891,1588957.625,6803973.0,0.6
point_892,1588957.25,6803969.5,0.6
point_893,1588956.75,6803966.0,0.6
point_894,1588956.25,6803963.5,0.6
point_895,1588955.75,6803960.0,0.6
point_896,1588955.5,6803957.0,0.6
point_897,1588955.0,6803954.0,0.6
point_898,1588954.5,6803951.5,0.6
point_899,1588954.125,6803948.0,0.6
point_900,1588953.625,6803945.0,0.6
point_901,1588953.25,6803942.0,0.6
point_902,1588952.75,6803939.5,0.6
point_903,1588952.25,6803936.0,0.6
point_904,1588952.0,6803933.0,0.6
point_905,1588951.5,6803930.0,0.6
point_906,1588951.125,6803927.5,0.6
point_907,1588950.625,6803924.0,0.6
point_908,1588950.125,6803921.0,0.6
point_909,1588949.75,6803918.0,0.6
point_910,1588949.25,6803915.0,0.6
point_911,1588948.75,6803911.5,0.6
point_912,1588948.5,6803909.0,0.6
point_913,1588948.0,6803905.5,0.6
point_914,1588947.5,6803903.0,0.6
point_915,1588947.125,6803899.5,0.6
point_916,1588946.625,6803897.0,0.6
point_917,1588946.25,6803893.5,0.6
point_918,1588945.75,6803891.0,0.6
point_919,1588945.25,6803887.5,0.6
point_920,1588944.75,6803885.0,0.6
point_921,1588944.5,6803881.5,0.6
point_922,1588944.125,6803879.0,0.6
point_923,1588943.625,6803875.5,0.6
point_924,1588943.125,6803873.0,0.6
point_925,1588962.0,6803981.0,0.6
point_926,1588961.5,6803978.0,0.6
point_927,1588961.125,6803975.5,0.6
point_928,1588960.625,6803972.0,0.6
point_929,1588960.125,6803969.0,0.6
point_930,1588959.75,6803966.0,0.6
point_931,1588959.25,6803963.0,0.6
point_932,1588958.75,6803960.0,0.6
point_933,1588958.375,6803957.0,0.6
point_934,1588958.0,6803953.5,0.6
point_935,1588957.5,6803951.0,0.6
point_936,1588957.125,6803947.5,0.6
point_937,1588956.625,6803945.0,0.6
point_938,1588956.25,6803941.5,0.6
point_939,1588955.75,6803939.0,0.6
point_940,1588955.25,6803935.5,0.6
point_941,1588954.875,6803933.0,0.6
point_942,1588954.5,6803929.5,0.6
point_943,1588954.0,6803927.0,0.6
point_944,1588953.5,6803923.5,0.6
point_945,1588953.125,6803921.0,0.6
point_946,1588952.625,6803917.5,0.6
point_947,1588952.25,6803915.0,0.6
point_948,1588951.75,6803911.5,0.6
point_949,1588951.25,6803909.0,0.6
point_950,1588951.0,6803905.0,0.6
point_951,1588950.5,6803902.0,0.6
point_952,1588950.125,6803899.5,0.6
point_953,1588949.625,6803896.0,0.6
point_954,1588949.125,6803893.0,0.6
point_955,1588948.75,6803890.0,0.6
point_956,1588948.25,6803887.5,0.6
point_957,1588947.75,6803884.0,0.6
point_958,1588947.25,6803881.0,0.6
point_959,1588947.0,6803878.0,0.6
point_960,1588946.5,6803875.5,0.6
point_961,1588946.125,6803872.0,0.6
point_962,1588965.0,6803981.0,0.6
point_963,1588964.5,6803977.5,0.6
point_964,1588964.125,6803975.0,0.6
point_965,1588963.625,6803971.5,0.6
point_966,1588963.125,6803969.0,0.6
point_967,1588962.75,6803965.5,0.6
point_968,1588962.25,6803963.0,0.6
point_969,1588961.75,6803959.5,0.6
point_970,1588961.375,6803957.0,0.6
point_971,1588961.0,6803953.5,0.6
point_972,1588960.5,6803950.0,0.6
point_973,1588960.125,6803947.5,0.6
point_974,1588959.625,6803944.0,0.6
point_975,1588959.125,6803941.0,0.6
point_976,1588958.75,6803938.0,0.6
point_977,1588958.25,6803935.5,0.6
point_978,1588957.75,6803932.0,0.6
point_979,1588957.375,6803929.0,0.6
point_980,1588957.0,6803926.0,0.6
point_981,1588956.5,6803923.5,0.6
point_982,1588956.125,6803920.0,0.6
point_983,1588955.625,6803917.0,0.6
point_984,1588955.125,6803914.0,0.6
point_985,1588954.75,6803911.5,0.6
point_986,1588954.25,6803908.0,0.6
point_987,1588953.75,6803905.0,0.6
point_988,1588953.5,6803902.0,0.6
point_989,1588953.0,6803899.0,0.6
point_990,1588952.5,6803896.0,0.6
point_991,1588952.125,6803893.0,0.6
point_992,1588951.625,6803889.5,0.6
point_993,1588951.125,6803887.0,0.6
point_994,1588950.75,6803883.5,0.6
point_995,1588950.25,6803881.0,0.6
point_996,1588949.75,6803877.5,0.6
point_997,1588949.5,6803875.0,0.6
point_998,1588949.0,6803871.5,0.6
point_999,1588968.0,6803980.0,0.6
point_1000,1588967.5,6803977.0,0.6
point_1001,1588967.0,6803974.0,0.6
point_1002,1588966.5,6803971.5,0.6
point_1003,1588966.125,6803968.0,0.6
point_1004,1588965.75,6803965.0,0.6
point_1005,1588965.25,6803962.0,0.6
point_1006,1588964.75,6803959.5,0.6
point_1007,1588964.375,6803956.0,0.6
point_1008,1588964.0,6803953.0,0.6
point_1009,1588963.5,6803950.0,0.6
point_1010,1588963.0,6803947.5,0.6
point_1011,1588962.5,6803944.0,0.6
point_1012,1588962.125,6803941.0,0.6
point_1013,1588961.75,6803938.0,0.6
point_1014,1588961.25,6803935.0,0.6
point_1015,1588960.75,6803931.5,0.6
point_1016,1588960.25,6803929.0,0.6
point_1017,1588960.0,6803925.5,0.6
point_1018,1588959.5,6803923.0,0.6
point_1019,1588959.0,6803919.5,0.6
point_1020,1588958.5,6803917.0,0.6
point_1021,1588958.125,6803913.5,0.6
point_1022,1588957.625,6803911.0,0.6
point_1023,1588957.25,6803907.5,0.6
point_1024,1588956.75,6803905.0,0.6
point_1025,1588956.25,6803901.5,0.6
point_1026,1588956.0,6803899.0,0.6
point_1027,1588955.5,6803895.5,0.6
point_1028,1588955.125,6803893.0,0.6
point_1029,1588954.625,6803889.5,0.6
point_1030,1588954.125,6803886.0,0.6
point_1031,1588953.625,6803883.5,0.6
point_1032,1588953.25,6803880.0,0.6
point_1033,1588952.75,6803877.0,0.6
point_1034,1588952.25,6803874.0,0.6
point_1035,1588952.0,6803871.5,0.6
point_1036,1588971.0,6803980.0,0.6
point_1037,1588970.5,6803977.0,0.6
point_1038,1588970.0,6803973.5,0.6
point_1039,1588969.5,6803971.0,0.6
point_1040,1588969.125,6803967.5,0.6
point_1041,1588968.75,6803965.0,0.6
point_1042,1588968.25,6803961.5,0.6
point_1043,1588967.75,6803959.0,0.6
point_1044,1588967.25,6803955.5,0.6
point_1045,1588966.875,6803953.0,0.6
point_1046,1588966.5,6803949.5,0.6
point_1047,1588966.0,6803947.0,0.6
point_1048,1588965.5,6803943.5,0.6
point_1049,1588965.125,6803941.0,0.6
point_1050,1588964.625,6803937.5,0.6
point_1051,1588964.25,6803934.0,0.6
point_1052,1588963.75,6803931.5,0.6
point_1053,1588963.25,6803929.0,0.6
point_1054,1588962.875,6803925.0,0.6
point_1055,1588962.5,6803922.0,0.6
point_1056,1588962.0,6803919.5,0.6
point_1057,1588961.5,6803916.0,0.6
point_1058,1588961.125,6803913.0,0.6
point_1059,1588960.625,6803910.0,0.6
point_1060,1588960.125,6803907.5,0.6
point_1061,1588959.75,6803904.0,0.6
point_1062,1588959.25,6803901.0,0.6
point_1063,1588958.75,6803898.0,0.6
point_1064,1588958.5,6803895.5,0.6
point_1065,1588958.0,6803892.0,0.6
point_1066,1588957.5,6803889.0,0.6
point_1067,1588957.125,6803886.0,0.6
point_1068,1588956.625,6803883.5,0.6
point_1069,1588956.125,6803880.0,0.6
point_1070,1588955.75,6803877.0,0.6
point_1071,1588955.25,6803874.0,0.6
point_1072,1588954.75,6803871.0,0.6
point_1073,1588973.875,6803979.5,0.6
point_1074,1588973.5,6803977.0,0.6
point_1075,1588973.0,6803973.5,0.6
point_1076,1588972.5,6803970.0,0.6
point_1077,1588972.125,6803967.5,0.6
point_1078,1588971.625,6803964.0,0.6
point_1079,1588971.25,6803961.0,0.6
point_1080,1588970.75,6803958.0,0.6
point_1081,1588970.25,6803955.5,0.6
point_1082,1588969.875,6803952.0,0.6
point_1083,1588969.5,6803949.0,0.6
point_1084,1588969.0,6803946.0,0.6
point_1085,1588968.5,6803943.5,0.6
point_1086,1588968.125,6803940.0,0.6
point_1087,1588967.625,6803937.0,0.6
point_1088,1588967.125,6803934.0,0.6
point_1089,1588966.75,6803931.5,0.6
point_1090,1588966.25,6803928.0,0.6
point_1091,1588965.75,6803925.0,0.6
point_1092,1588965.375,6803922.0,0.6
point_1093,1588965.0,6803919.0,0.6
point_1094,1588964.5,6803916.0,0.6
point_1095,1588964.125,6803913.0,0.6
point_1096,1588963.625,6803909.5,0.6
point_1097,1588963.125,6803907.0,0.6
point_1098,1588962.625,6803903.5,0.6
point_1099,1588962.25,6803901.0,0.6
point_1100,1588961.75,6803897.5,0.6
point_1101,1588961.25,6803895.0,0.6
point_1102,1588960.875,6803891.5,0.6
point_1103,1588960.5,6803889.0,0.6
point_1104,1588960.0,6803885.5,0.6
point_1105,1588959.5,6803883.0,0.6
point_1106,1588959.125,6803879.5,0.6
point_1107,1588958.625,6803877.0,0.6
point_1108,1588958.125,6803873.5,0.6
point_1109,1588957.75,6803870.0,0.6
point_1110,1588976.875,6803979.5,0.6
point_1111,1588976.5,6803976.0,0.6
point_1112,1588976.0,6803973.0,0.6
point_1113,1588975.5,6803970.0,0.6
point_1114,1588975.125,6803967.5,0.6
point_1115,1588974.625,6803964.0,0.6
point_1116,1588974.25,6803961.0,0.6
point_1117,1588973.75,6803958.0,0.6
point_1118,1588973.25,6803955.0,0.6
point_1119,1588972.75,6803951.5,0.6
point_1120,1588972.375,6803949.0,0.6
point_1121,1588972.0,6803945.5,0.6
point_1122,1588971.5,6803943.0,0.6
point_1123,1588971.125,6803939.5,0.6
point_1124,1588970.625,6803937.0,0.6
point_1125,1588970.125,6803933.5,0.6
point_1126,1588969.75,6803931.0,0.6
point_1127,1588969.25,6803927.5,0.6
point_1128,1588968.75,6803925.0,0.6
point_1129,1588968.25,6803921.5,0.6
point_1130,1588967.875,6803919.0,0.6
point_1131,1588967.5,6803915.5,0.6
point_1132,1588967.0,6803913.0,0.6
point_1133,1588966.5,6803909.5,0.6
point_1134,1588966.125,6803906.0,0.6
point_1135,1588965.625,6803903.5,0.6
point_1136,1588965.125,6803900.0,0.6
point_1137,1588964.75,6803897.0,0.6
point_1138,1588964.25,6803894.0,0.6
point_1139,1588963.75,6803891.5,0.6
point_1140,1588963.25,6803888.0,0.6
point_1141,1588963.0,6803885.0,0.6
point_1142,1588962.5,6803882.0,0.6
point_1143,1588962.125,6803879.5,0.6
point_1144,1588961.625,6803876.0,0.6
point_1145,1588961.125,6803873.0,0.6
point_1146,1588960.625,6803870.0,0.6
point_1147,1588979.875,6803979.0,0.6
point_1148,1588979.5,6803975.5,0.6
point_1149,1588979.0,6803973.0,0.6
point_1150,1588978.5,6803969.5,0.6
point_1151,1588978.125,6803967.0,0.6
point_1152,1588977.625,6803963.5,0.6
point_1153,1588977.25,6803961.0,0.6
point_1154,1588976.75,6803957.5,0.6
point_1155,1588976.25,6803954.0,0.6
point_1156,1588975.75,6803951.5,0.6
point_1157,1588975.375,6803948.0,0.6
point_1158,1588975.0,6803945.0,0.6
point_1159,1588974.5,6803942.0,0.6
point_1160,1588974.0,6803939.5,0.6
point_1161,1588973.5,6803936.0,0.6
point_1162,1588973.125,6803933.0,0.6
point_1163,1588972.625,6803930.0,0.6
point_1164,1588972.25,6803927.5,0.6
point_1165,1588971.75,6803924.0,0.6
point_1166,1588971.25,6803921.0,0.6
point_1167,1588970.75,6803918.0,0.6
point_1168,1588970.375,6803915.5,0.6
point_1169,1588970.0,6803912.0,0.6
point_1170,1588969.5,6803909.0,0.6
point_1171,1588969.125,6803906.0,0.6
point_1172,1588968.625,6803903.5,0.6
point_1173,1588968.125,6803900.0,0.6
point_1174,1588967.625,6803897.0,0.6
point_1175,1588967.25,6803894.0,0.6
point_1176,1588966.75,6803891.0,0.6
point_1177,1588966.25,6803887.5,0.6
point_1178,1588965.75,6803885.0,0.6
point_1179,1588965.5,6803881.5,0.6
point_1180,1588965.0,6803879.0,0.6
point_1181,1588964.5,6803875.5,0.6
point_1182,1588964.125,6803873.0,0.6
point_1183,1588963.625,6803869.5,0.6
point_1184,1588982.875,6803978.0,0.6
point_1185,1588982.5,6803975.5,0.6
point_1186,1588982.0,6803972.0,0.6
point_1187,1588981.5,6803969.0,0.6
point_1188,1588981.125,6803966.0,0.6
point_1189,1588980.625,6803963.5,0.6
point_1190,1588980.125,6803960.0,0.6
point_1191,1588979.75,6803957.0,0.6
point_1192,1588979.25,6803954.0,0.6
point_1193,1588978.75,6803951.5,0.6
point_1194,1588978.375,6803948.0,0.6
point_1195,1588977.875,6803945.0,0.6
point_1196,1588977.5,6803942.0,0.6
point_1197,1588977.0,6803939.0,0.6
point_1198,1588976.5,6803936.0,0.6
point_1199,1588976.125,6803933.0,0.6
point_1200,1588975.625,6803929.5,0.6
point_1201,1588975.125,6803927.0,0.6
point_1202,1588974.75,6803923.5,0.6
point_1203,1588974.25,6803921.0,0.6
point_1204,1588973.75,6803917.5,0.6
point_1205,1588973.25,6803915.0,0.6
point_1206,1588972.875,6803911.5,0.6
point_1207,1588972.5,6803909.0,0.6
point_1208,1588972.0,6803905.5,0.6
point_1209,1588971.5,6803903.0,0.6
point_1210,1588971.125,6803899.5,0.6
point_1211,1588970.625,6803897.0,0.6
point_1212,1588970.125,6803893.5,0.6
point_1213,1588969.75,6803890.0,0.6
point_1214,1588969.25,6803887.5,0.6
point_1215,1588968.75,6803885.0,0.6
point_1216,1588968.25,6803881.0,0.6
point_1217,1588967.875,6803878.0,0.6
point_1218,1588967.5,6803875.5,0.6
point_1219,1588967.0,6803872.0,0.6
point_1220,1588966.5,6803869.0,0.6
point_1221,1588985.875,6803977.5,0.6
point_1222,1588985.5,6803975.0,0.6
point_1223,1588985.0,6803971.5,0.6
point_1224,1588984.5,6803969.0,0.6
point_1225,1588984.125,6803965.5,0.6
point_1226,1588983.625,6803963.0,0.6
point_1227,1588983.125,6803959.5,0.6
point_1228,1588982.75,6803957.0,0.6
point_1229,1588982.25,6803953.5,0.6
point_1230,1588981.75,6803951.0,0.6
point_1231,1588981.25,6803947.5,0.6
point_1232,1588980.875,6803945.0,0.6
point_1233,1588980.5,6803941.5,0.6
point_1234,1588980.0,6803939.0,0.6
point_1235,1588979.5,6803935.5,0.6
point_1236,1588979.125,6803933.0,0.6
point_1237,1588978.625,6803929.5,0.6
point_1238,1588978.125,6803926.0,0.6
point_1239,1588977.625,6803923.5,0.6
point_1240,1588977.25,6803920.0,0.6
point_1241,1588976.75,6803917.0,0.6
point_1242,1588976.25,6803914.0,0.6
point_1243,1588975.75,6803911.5,0.6
point_1244,1588975.375,6803908.0,0.6
point_1245,1588975.0,6803905.0,0.6
point_1246,1588974.5,6803902.0,0.6
point_1247,1588974.0,6803899.5,0.6
point_1248,1588973.5,6803896.0,0.6
point_1249,1588973.125,6803893.0,0.6
point_1250,1588972.625,6803890.0,0.6
point_1251,1588972.125,6803887.5,0.6
point_1252,1588971.75,6803884.0,0.6
point_1253,1588971.25,6803881.0,0.6
point_1254,1588970.75,6803878.0,0.6
point_1255,1588970.25,6803875.0,0.6
point_1256,1588970.0,6803872.0,0.6
point_1257,1588969.5,6803869.0,0.6
point_1258,1588988.875,6803977.5,0.6
point_1259,1588988.5,6803974.0,0.6
point_1260,1588988.0,6803971.5,0.6
point_1261,1588987.5,6803968.0,0.6
point_1262,1588987.125,6803965.0,0.6
point_1263,1588986.625,6803962.0,0.6
point_1264,1588986.125,6803959.5,0.6
point_1265,1588985.75,6803956.0,0.6
point_1266,1588985.25,6803953.0,0.6
point_1267,1588984.75,6803950.0,0.6
point_1268,1588984.25,6803947.5,0.6
point_1269,1588983.75,6803944.0,0.6
point_1270,1588983.375,6803941.0,0.6
point_1271,1588983.0,6803938.0,0.6
point_1272,1588982.5,6803935.5,0.6
point_1273,1588982.0,6803932.0,0.6
point_1274,1588981.5,6803929.0,0.6
point_1275,1588981.125,6803926.0,0.6
point_1276,1588980.625,6803923.0,0.6
point_1277,1588980.125,6803920.0,0.6
point_1278,1588979.75,6803917.0,0.6
point_1279,1588979.25,6803914.0,0.6
point_1280,1588978.75,6803911.0,0.6
point_1281,1588978.25,6803907.5,0.6
point_1282,1588977.875,6803905.0,0.6
point_1283,1588977.5,6803901.5,0.6
point_1284,1588977.0,6803899.0,0.6
point_1285,1588976.5,6803895.5,0.6
point_1286,1588976.125,6803893.0,0.6
point_1287,1588975.625,6803889.5,0.6
point_1288,1588975.125,6803887.0,0.6
point_1289,1588974.625,6803883.5,0.6
point_1290,1588974.125,6803881.0,0.6
point_1291,1588973.75,6803877.5,0.6
point_1292,1588973.25,6803875.0,0.6
point_1293,1588972.75,6803871.5,0.6
point_1294,1588972.25,6803869.0,0.6
point_1295,1588991.875,6803977.0,0.6
point_1296,1588991.5,6803974.0,0.6
point_1297,1588991.0,6803971.5,0.6
point_1298,1588990.5,6803968.0,0.6
point_1299,1588990.125,6803965.0,0.6
point_1300,1588989.625,6803962.0,0.6
point_1301,1588989.125,6803959.0,0.6
point_1302,1588988.625,6803955.5,0.6
point_1303,1588988.25,6803953.0,0.6
point_1304,1588987.75,6803949.5,0.6
point_1305,1588987.25,6803947.0,0.6
point_1306,1588986.75,6803943.5,0.6
point_1307,1588986.375,6803941.0,0.6
point_1308,1588985.875,6803937.5,0.6
point_1309,1588985.5,6803935.0,0.6
point_1310,1588985.0,6803931.5,0.6
point_1311,1588984.5,6803929.0,0.6
point_1312,1588984.125,6803925.5,0.6
point_1313,1588983.625,6803923.0,0.6
point_1314,1588983.125,6803919.5,0.6
point_1315,1588982.625,6803917.0,0.6
point_1316,1588982.25,6803913.5,0.6
point_1317,1588981.75,6803910.0,0.6
point_1318,1588981.25,6803907.5,0.6
point_1319,1588980.75,6803904.0,0.6
point_1320,1588980.25,6803901.0,0.6
point_1321,1588980.0,6803898.0,0.6
point_1322,1588979.5,6803895.5,0.6
point_1323,1588979.0,6803892.0,0.6
point_1324,1588978.5,6803889.0,0.6
point_1325,1588978.125,6803886.0,0.6
point_1326,1588977.625,6803883.5,0.6
point_1327,1588977.125,6803880.0,0.6
point_1328,1588976.625,6803877.0,0.6
point_1329,1588976.125,6803874.0,0.6
point_1330,1588975.75,6803871.5,0.6
point_1331,1588975.25,6803868.0,0.6
point_1332,1588994.875,6803977.0,0.6
point_1333,1588994.5,6803973.5,0.6
point_1334,1588994.0,6803971.0,0.6
point_1335,1588993.5,6803967.5,0.6
point_1336,1588993.125,6803965.0,0.6
point_1337,1588992.625,6803961.5,0.6
point_1338,1588992.125,6803958.0,0.6
point_1339,1588991.625,6803955.5,0.6
point_1340,1588991.25,6803953.0,0.6
point_1341,1588990.75,6803949.0,0.6
point_1342,1588990.25,6803946.0,0.6
point_1343,1588989.75,6803943.5,0.6
point_1344,1588989.25,6803940.0,0.6
point_1345,1588988.875,6803937.0,0.6
point_1346,1588988.375,6803934.0,0.6
point_1347,1588988.0,6803931.5,0.6
point_1348,1588987.5,6803928.0,0.6
point_1349,1588987.0,6803925.0,0.6
point_1350,1588986.5,6803922.0,0.6
point_1351,1588986.125,6803919.5,0.6
point_1352,1588985.625,6803916.0,0.6
point_1353,1588985.125,6803913.0,0.6
point_1354,1588984.75,6803910.0,0.6
point_1355,1588984.25,6803907.5,0.6
point_1356,1588983.75,6803904.0,0.6
point_1357,1588983.25,6803901.0,0.6
point_1358,1588982.75,6803898.0,0.6
point_1359,1588982.375,6803895.0,0.6
point_1360,1588982.0,6803892.0,0.6
point_1361,1588981.5,6803889.0,0.6
point_1362,1588981.0,6803885.5,0.6
point_1363,1588980.5,6803883.0,0.6
point_1364,1588980.125,6803879.5,0.6
point_1365,1588979.625,6803877.0,0.6
point_1366,1588979.125,6803873.5,0.6
point_1367,1588978.625,6803871.0,0.6
point_1368,1588978.125,6803867.5,0.6
point_1369,1588997.875,6803976.0,0.6
point_1370,1588997.5,6803973.0,0.6
point_1371,1588997.0,6803970.0,0.6
point_1372,1588996.5,6803967.5,0.6
point_1373,1588996.0,6803964.0,0.6
point_1374,1588995.5,6803961.0,0.6
point_1375,1588995.125,6803958.0,0.6
point_1376,1588994.625,6803955.5,0.6
point_1377,1588994.125,6803952.0,0.6
point_1378,1588993.75,6803949.0,0.6
point_1379,1588993.25,6803946.0,0.6
point_1380,1588992.75,6803943.0,0.6
point_1381,1588992.25,6803940.0,0.6
point_1382,1588991.75,6803937.0,0.6
point_1383,1588991.375,6803933.5,0.6
point_1384,1588990.875,6803931.0,0.6
point_1385,1588990.5,6803927.5,0.6
point_1386,1588990.0,6803925.0,0.6
point_1387,1588989.5,6803921.5,0.6
point_1388,1588989.125,6803919.0,0.6
point_1389,1588988.625,6803915.5,0.6
point_1390,1588988.125,6803913.0,0.6
point_1391,1588987.625,6803909.5,0.6
point_1392,1588987.125,6803907.0,0.6
point_1393,1588986.75,6803903.5,0.6
point_1394,1588986.25,6803901.0,0.6
point_1395,1588985.75,6803897.5,0.6
point_1396,1588985.25,6803895.0,0.6
point_1397,1588984.75,6803891.5,0.6
point_1398,1588984.375,6803889.0,0.6
point_1399,1588984.0,6803885.5,0.6
point_1400,1588983.5,6803882.0,0.6
point_1401,1588983.0,6803879.5,0.6
point_1402,1588982.5,6803876.0,0.6
point_1403,1588982.125,6803873.0,0.6
point_1404,1588981.625,6803870.0,0.6
point_1405,1588981.125,6803867.5,0.6
point_1406,1589000.875,6803975.5,0.6
point_1407,1589000.5,6803973.0,0.6
point_1408,1589000.0,6803969.5,0.6
point_1409,1588999.5,6803967.0,0.6
point_1410,1588999.0,6803963.5,0.6
point_1411,1588998.5,6803961.0,0.6
point_1412,1588998.125,6803957.5,0.6
point_1413,1588997.625,6803955.0,0.6
point_1414,1588997.125,6803951.5,0.6
point_1415,1588996.625,6803949.0,0.6
point_1416,1588996.25,6803945.5,0.6
point_1417,1588995.75,6803943.0,0.6
point_1418,1588995.25,6803939.5,0.6
point_1419,1588994.75,6803937.0,0.6
point_1420,1588994.25,6803933.5,0.6
point_1421,1588993.875,6803930.0,0.6
point_1422,1588993.375,6803927.5,0.6
point_1423,1588993.0,6803924.0,0.6
point_1424,1588992.5,6803921.0,0.6
point_1425,1588992.0,6803918.0,0.6
point_1426,1588991.5,6803915.5,0.6
point_1427,1588991.125,6803912.0,0.6
point_1428,1588990.625,6803909.0,0.6
point_1429,1588990.125,6803906.0,0.6
point_1430,1588989.625,6803903.5,0.6
point_1431,1588989.125,6803900.0,0.6
point_1432,1588988.75,6803897.0,0.6
point_1433,1588988.25,6803894.0,0.6
point_1434,1588987.75,6803891.5,0.6
point_1435,1588987.25,6803888.0,0.6
point_1436,1588986.75,6803885.0,0.6
point_1437,1588986.375,6803882.0,0.6
point_1438,1588986.0,6803879.5,0.6
point_1439,1588985.5,6803876.0,0.6
point_1440,1588985.0,6803873.0,0.6
point_1441,1588984.5,6803870.0,0.6
point_1442,1588984.125,6803867.0,0.6
point_1443,1589003.875,6803975.5,0.6
point_1444,1589003.375,6803972.0,0.6
point_1445,1589003.0,6803969.0,0.6
point_1446,1589002.5,6803966.0,0.6
point_1447,1589002.0,6803963.5,0.6
point_1448,1589001.5,6803960.0,0.6
point_1449,1589001.125,6803957.0,0.6
point_1450,1589000.625,6803954.0,0.6
point_1451,1589000.125,6803951.5,0.6
point_1452,1588999.625,6803948.0,0.6
point_1453,1588999.25,6803945.0,0.6
point_1454,1588998.75,6803942.0,0.6
point_1455,1588998.25,6803939.5,0.6
point_1456,1588997.75,6803936.0,0.6
point_1457,1588997.25,6803933.0,0.6
point_1458,1588996.75,6803930.0,0.6
point_1459,1588996.375,6803927.5,0.6
point_1460,1588995.875,6803924.0,0.6
point_1461,1588995.5,6803921.0,0.6
point_1462,1588995.0,6803918.0,0.6
point_1463,1588994.5,6803915.0,0.6
point_1464,1588994.0,6803911.5,0.6
point_1465,1588993.5,6803909.0,0.6
point_1466,1588993.125,6803905.5,0.6
point_1467,1588992.625,6803903.0,0.6
point_1468,1588992.125,6803899.5,0.6
point_1469,1588991.625,6803897.0,0.6
point_1470,1588991.125,6803893.5,0.6
point_1471,1588990.75,6803891.0,0.6
point_1472,1588990.25,6803887.5,0.6
point_1473,1588989.75,6803885.0,0.6
point_1474,1588989.25,6803881.5,0.6
point_1475,1588988.75,6803879.0,0.6
point_1476,1588988.375,6803875.5,0.6
point_1477,1588988.0,6803873.0,0.6
point_1478,1588987.5,6803869.5,0.6
point_1479,1588987.0,6803867.0,0.6
point_1480,1589006.875,6803975.5,0.6
point_1481,1589006.375,6803972.0,0.6
point_1482,1589006.0,6803969.0,0.6
point_1483,1589005.5,6803966.0,0.6
point_1484,1589005.0,6803963.0,0.6
point_1485,1589004.5,6803959.5,0.6
point_1486,1589004.125,6803957.0,0.6
point_1487,1589003.625,6803953.5,0.6
point_1488,1589003.125,6803951.0,0.6
point_1489,1589002.625,6803947.5,0.6
point_1490,1589002.125,6803945.0,0.6
point_1491,1589001.75,6803941.5,0.6
point_1492,1589001.25,6803939.0,0.6
point_1493,1589000.75,6803935.5,0.6
point_1494,1589000.25,6803933.0,0.6
point_1495,1588999.75,6803929.5,0.6
point_1496,1588999.25,6803927.0,0.6
point_1497,1588998.875,6803923.5,0.6
point_1498,1588998.375,6803921.0,0.6
point_1499,1588998.0,6803917.5,0.6
point_1500,1588997.5,6803915.0,0.6
point_1501,1588997.0,6803911.5,0.6
point_1502,1588996.5,6803909.0,0.6
point_1503,1588996.125,6803905.5,0.6
point_1504,1588995.625,6803902.0,0.6
point_1505,1588995.125,6803899.5,0.6
point_1506,1588994.625,6803896.0,0.6
point_1507,1588994.125,6803893.0,0.6
point_1508,1588993.625,6803890.0,0.6
point_1509,1588993.125,6803887.5,0.6
point_1510,1588992.75,6803884.0,0.6
point_1511,1588992.25,6803881.0,0.6
point_1512,1588991.75,6803878.0,0.6
point_1513,1588991.25,6803875.5,0.6
point_1514,1588990.75,6803872.0,0.6
point_1515,1588990.25,6803869.0,0.6
point_1516,1588990.0,6803866.0,0.6
point_1517,1589009.875,6803975.0,0.6
point_1518,1589009.375,6803971.5,0.6
point_1519,1589009.0,6803969.0,0.6
point_1520,1589008.5,6803965.5,0.6
point_1521,1589008.0,6803963.0,0.6
point_1522,1589007.5,6803959.5,0.6
point_1523,1589007.0,6803957.0,0.6
point_1524,1589006.5,6803953.5,0.6
point_1525,1589006.125,6803950.0,0.6
point_1526,1589005.625,6803947.5,0.6
point_1527,1589005.125,6803944.0,0.6
point_1528,1589004.625,6803941.0,0.6
point_1529,1589004.25,6803938.0,0.6
point_1530,1589003.75,6803935.5,0.6
point_1531,1589003.25,6803932.0,0.6
point_1532,1589002.75,6803929.0,0.6
point_1533,1589002.25,6803926.0,0.6
point_1534,1589001.75,6803923.5,0.6
point_1535,1589001.375,6803920.0,0.6
point_1536,1589000.875,6803917.0,0.6
point_1537,1589000.375,6803914.0,0.6
point_1538,1589000.0,6803911.5,0.6
point_1539,1588999.5,6803908.0,0.6
point_1540,1588999.0,6803905.0,0.6
point_1541,1588998.5,6803902.0,0.6
point_1542,1588998.125,6803899.0,0.6
point_1543,1588997.625,6803896.0,0.6
point_1544,1588997.125,6803893.0,0.6
point_1545,1588996.625,6803890.0,0.6
point_1546,1588996.125,6803887.0,0.6
point_1547,1588995.625,6803883.5,0.6
point_1548,1588995.125,6803881.0,0.6
point_1549,1588994.75,6803877.5,0.6
point_1550,1588994.25,6803875.0,0.6
point_1551,1588993.75,6803871.5,0.6
point_1552,1588993.25,6803869.0,0.6
point_1553,1588992.75,6803865.5,0.6
point_1554,1589012.875,6803974.0,0.6
point_1555,1589012.375,6803971.5,0.6
point_1556,1589012.0,6803968.0,0.6
point_1557,1589011.5,6803965.0,0.6
point_1558,1589011.0,6803962.0,0.6
point_1559,1589010.5,6803959.5,0.6
point_1560,1589010.0,6803956.0,0.6
point_1561,1589009.5,6803953.0,0.6
point_1562,1589009.125,6803950.0,0.6
point_1563,1589008.625,6803947.0,0.6
point_1564,1589008.125,6803944.0,0.6
point_1565,1589007.625,6803941.0,0.6
point_1566,1589007.125,6803938.0,0.6
point_1567,1589006.75,6803935.0,0.6
point_1568,1589006.25,6803931.5,0.6
point_1569,1589005.75,6803929.0,0.6
point_1570,1589005.25,6803925.5,0.6
point_1571,1589004.75,6803923.0,0.6
point_1572,1589004.25,6803919.5,0.6
point_1573,1589003.75,6803917.0,0.6
point_1574,1589003.375,6803913.5,0.6
point_1575,1589002.875,6803911.0,0.6
point_1576,1589002.5,6803907.5,0.6
point_1577,1589002.0,6803905.0,0.6
point_1578,1589001.5,6803901.5,0.6
point_1579,1589001.0,6803899.0,0.6
point_1580,1589000.5,6803895.5,0.6
point_1581,1589000.0,6803893.0,0.6
point_1582,1588999.5,6803889.5,0.6
point_1583,1588999.125,6803886.0,0.6
point_1584,1588998.625,6803883.5,0.6
point_1585,1588998.125,6803881.0,0.6
point_1586,1588997.625,6803877.0,0.6
point_1587,1588997.125,6803874.0,0.6
point_1588,1588996.75,6803871.5,0.6
point_1589,1588996.125,6803868.0,0.6
point_1590,1588995.75,6803865.0,0.6
point_1591,1589015.875,6803973.5,0.6
point_1592,1589015.375,6803971.0,0.6
point_1593,1589014.875,6803967.5,0.6
point_1594,1589014.5,6803965.0,0.6
point_1595,1589014.0,6803961.5,0.6
point_1596,1589013.5,6803959.0,0.6
point_1597,1589013.0,6803955.5,0.6
point_1598,1589012.5,6803953.0,0.6
point_1599,1589012.125,6803949.5,0.6
point_1600,1589011.625,6803947.0,0.6
point_1601,1589011.125,6803943.5,0.6
point_1602,1589010.625,6803941.0,0.6
point_1603,1589010.125,6803937.5,0.6
point_1604,1589009.625,6803934.0,0.6
point_1605,1589009.125,6803931.5,0.6
point_1606,1589008.75,6803928.0,0.6
point_1607,1589008.25,6803925.0,0.6
point_1608,1589007.75,6803922.0,0.6
point_1609,1589007.25,6803919.5,0.6
point_1610,1589006.75,6803916.0,0.6
point_1611,1589006.25,6803913.0,0.6
point_1612,1589005.75,6803910.0,0.6
point_1613,1589005.375,6803907.5,0.6
point_1614,1589004.875,6803904.0,0.6
point_1615,1589004.375,6803901.0,0.6
point_1616,1589004.0,6803898.0,0.6
point_1617,1589003.5,6803895.5,0.6
point_1618,1589003.0,6803892.0,0.6
point_1619,1589002.5,6803889.0,0.6
point_1620,1589002.0,6803886.0,0.6
point_1621,1589001.5,6803883.5,0.6
point_1622,1589001.125,6803880.0,0.6
point_1623,1589000.625,6803877.0,0.6
point_1624,1589000.125,6803874.0,0.6
point_1625,1588999.625,6803871.0,0.6
point_1626,1588999.125,6803868.0,0.6
point_1627,1588998.625,6803865.0,0.6
point_1628,1589018.875,6803973.0,0.6
point_1629,1589018.375,6803970.0,0.6
point_1630,1589017.875,6803967.5,0.6
point_1631,1589017.5,6803964.0,0.6
point_1632,1589017.0,6803961.0,0.6
point_1633,1589016.5,6803958.0,0.6
point_1634,1589016.0,6803955.5,0.6
point_1635,1589015.5,6803952.0,0.6
point_1636,1589015.0,6803949.0,0.6
point_1637,1589014.5,6803946.0,0.6
point_1638,1589014.125,6803943.5,0.6
point_1639,1589013.625,6803940.0,0.6
point_1640,1589013.125,6803937.0,0.6
point_1641,1589012.625,6803934.0,0.6
point_1642,1589012.125,6803931.5,0.6
point_1643,1589011.625,6803928.0,0.6
point_1644,1589011.125,6803925.0,0.6
point_1645,1589010.75,6803922.0,0.6
point_1646,1589010.25,6803919.0,0.6
point_1647,1589009.75,6803916.0,0.6
point_1648,1589009.25,6803913.0,0.6
point_1649,1589008.75,6803909.5,0.6
point_1650,1589008.25,6803907.0,0.6
point_1651,1589007.75,6803903.5,0.6
point_1652,1589007.25,6803901.0,0.6
point_1653,1589006.875,6803897.5,0.6
point_1654,1589006.375,6803895.0,0.6
point_1655,1589006.0,6803891.5,0.6
point_1656,1589005.5,6803889.0,0.6
point_1657,1589005.0,6803885.5,0.6
point_1658,1589004.5,6803883.0,0.6
point_1659,1589004.0,6803879.5,0.6
point_1660,1589003.5,6803877.0,0.6
point_1661,1589003.125,6803873.5,0.6
point_1662,1589002.625,6803871.0,0.6
point_1663,1589002.125,6803867.5,0.6
point_1664,1589001.625,6803865.0,0.6
point_1665,1589021.875,6803973.0,0.6
point_1666,1589021.375,6803970.0,0.6
point_1667,1589020.875,6803967.0,0.6
point_1668,1589020.5,6803963.5,0.6
point_1669,1589020.0,6803961.0,0.6
point_1670,1589019.5,6803957.5,0.6
point_1671,1589019.0,6803955.0,0.6
point_1672,1589018.5,6803951.5,0.6
point_1673,1589018.0,6803949.0,0.6
point_1674,1589017.5,6803945.5,0.6
point_1675,1589017.125,6803943.0,0.6
point_1676,1589016.625,6803939.5,0.6
point_1677,1589016.125,6803937.0,0.6
point_1678,1589015.625,6803933.5,0.6
point_1679,1589015.125,6803931.0,0.6
point_1680,1589014.625,6803927.5,0.6
point_1681,1589014.125,6803925.0,0.6
point_1682,1589013.625,6803921.5,0.6
point_1683,1589013.125,6803919.0,0.6
point_1684,1589012.75,6803915.5,0.6
point_1685,1589012.25,6803913.0,0.6
point_1686,1589011.75,6803909.5,0.6
point_1687,1589011.25,6803906.0,0.6
point_1688,1589010.75,6803903.5,0.6
point_1689,1589010.25,6803900.0,0.6
point_1690,1589009.75,6803897.0,0.6
point_1691,1589009.25,6803894.0,0.6
point_1692,1589008.75,6803891.5,0.6
point_1693,1589008.375,6803888.0,0.6
point_1694,1589007.875,6803885.0,0.6
point_1695,1589007.5,6803882.0,0.6
point_1696,1589007.0,6803879.5,0.6
point_1697,1589006.5,6803876.0,0.6
point_1698,1589006.0,6803873.0,0.6
point_1699,1589005.5,6803870.0,0.6
point_1700,1589005.0,6803867.5,0.6
point_1701,1589004.5,6803864.0,0.6
point_1702,1589024.875,6803973.0,0.6
point_1703,1589024.375,6803969.5,0.6
point_1704,1589023.875,6803967.0,0.6
point_1705,1589023.375,6803963.5,0.6
point_1706,1589023.0,6803961.0,0.6
point_1707,1589022.5,6803957.5,0.6
point_1708,1589022.0,6803954.0,0.6
point_1709,1589021.5,6803951.5,0.6
point_1710,1589021.0,6803948.0,0.6
point_1711,1589020.5,6803945.0,0.6
point_1712,1589020.0,6803942.0,0.6
point_1713,1589019.5,6803939.5,0.6
point_1714,1589019.125,6803936.0,0.6
point_1715,1589018.625,6803933.0,0.6
point_1716,1589018.125,6803930.0,0.6
point_1717,1589017.625,6803927.5,0.6
point_1718,1589017.125,6803924.0,0.6
point_1719,1589016.625,6803921.0,0.6
point_1720,1589016.125,6803918.0,0.6
point_1721,1589015.625,6803915.5,0.6
point_1722,1589015.125,6803912.0,0.6
point_1723,1589014.75,6803909.0,0.6
point_1724,1589014.25,6803906.0,0.6
point_1725,1589013.75,6803903.5,0.6
point_1726,1589013.25,6803900.0,0.6
point_1727,1589012.75,6803897.0,0.6
point_1728,1589012.25,6803894.0,0.6
point_1729,1589011.75,6803891.0,0.6
point_1730,1589011.25,6803888.0,0.6
point_1731,1589010.75,6803885.0,0.6
point_1732,1589010.25,6803881.5,0.6
point_1733,1589009.75,6803879.0,0.6
point_1734,1589009.375,6803875.5,0.6
point_1735,1589008.875,6803873.0,0.6
point_1736,1589008.5,6803869.5,0.6
point_1737,1589008.0,6803867.0,0.6
point_1738,1589007.5,6803863.5,0.6
point_1739,1589027.875,6803972.0,0.6
point_1740,1589027.375,6803969.0,0.6
point_1741,1589026.875,6803966.0,0.6
point_1742,1589026.375,6803963.5,0.6
point_1743,1589025.875,6803960.0,0.6
point_1744,1589025.5,6803957.0,0.6
point_1745,1589025.0,6803954.0,0.6
point_1746,1589024.5,6803951.0,0.6
point_1747,1589024.0,6803948.0,0.6
point_1748,1589023.5,6803945.0,0.6
point_1749,1589023.0,6803942.0,0.6
point_1750,1589022.5,6803939.0,0.6
point_1751,1589022.0,6803935.5,0.6
point_1752,1589021.5,6803933.0,0.6
point_1753,1589021.125,6803929.5,0.6
point_1754,1589020.625,6803927.0,0.6
point_1755,1589020.125,6803923.5,0.6
point_1756,1589019.625,6803921.0,0.6
point_1757,1589019.125,6803917.5,0.6
point_1758,1589018.625,6803915.0,0.6
point_1759,1589018.125,6803911.5,0.6
point_1760,1589017.625,6803909.0,0.6
point_1761,1589017.125,6803905.5,0.6
point_1762,1589016.75,6803903.0,0.6
point_1763,1589016.125,6803899.5,0.6
point_1764,1589015.75,6803897.0,0.6
point_1765,1589015.25,6803893.5,0.6
point_1766,1589014.75,6803891.0,0.6
point_1767,1589014.25,6803887.5,0.6
point_1768,1589013.75,6803885.0,0.6
point_1769,1589013.25,6803881.5,0.6
point_1770,1589012.75,6803878.0,0.6
point_1771,1589012.25,6803875.5,0.6
point_1772,1589011.75,6803872.0,0.6
point_1773,1589011.25,6803869.0,0.6
point_1774,1589010.75,6803866.0,0.6
point_1775,1589010.25,6803863.5,0.6
point_1776,1589030.875,6803971.5,0.6
point_1777,1589030.375,6803969.0,0.6
point_1778,1589029.875,6803965.5,0.6
point_1779,1589029.375,6803963.0,0.6
point_1780,1589028.875,6803959.5,0.6
point_1781,1589028.375,6803957.0,0.6
point_1782,1589028.0,6803953.5,0.6
point_1783,1589027.5,6803951.0,0.6
point_1784,1589027.0,6803947.5,0.6
point_1785,1589026.5,6803945.0,0.6
point_1786,1589026.0,6803941.5,0.6
point_1787,1589025.5,6803938.0,0.6
point_1788,1589025.0,6803935.5,0.6
point_1789,1589024.5,6803933.0,0.6
point_1790,1589024.0,6803929.0,0.6
point_1791,1589023.5,6803926.0,0.6
point_1792,1589023.125,6803923.5,0.6
point_1793,1589022.625,6803920.0,0.6
point_1794,1589022.125,6803917.0,0.6
point_1795,1589021.625,6803914.0,0.6
point_1796,1589021.125,6803911.5,0.6
point_1797,1589020.625,6803908.0,0.6
point_1798,1589020.125,6803905.0,0.6
point_1799,1589019.625,6803902.0,0.6
point_1800,1589019.125,6803899.5,0.6
point_1801,1589018.625,6803896.0,0.6
point_1802,1589018.125,6803893.0,0.6
point_1803,1589017.75,6803890.0,0.6
point_1804,1589017.125,6803887.5,0.6
point_1805,1589016.75,6803884.0,0.6
point_1806,1589016.125,6803881.0,0.6
point_1807,1589015.75,6803878.0,0.6
point_1808,1589015.25,6803875.5,0.6
point_1809,1589014.75,6803872.0,0.6
point_1810,1589014.25,6803869.0,0.6
point_1811,1589013.75,6803866.0,0.6
point_1812,1589013.25,6803863.0,0.6
point_1813,1589033.875,6803971.5,0.6
point_1814,1589033.375,6803968.0,0.6
point_1815,1589032.875,6803965.0,0.6
point_1816,1589032.375,6803962.0,0.6
point_1817,1589031.875,6803959.5,0.6
point_1818,1589031.375,6803956.0,0.6
point_1819,1589030.875,6803953.0,0.6
point_1820,1589030.5,6803950.0,0.6
point_1821,1589030.0,6803947.5,0.6
point_1822,1589029.5,6803944.0,0.6
point_1823,1589029.0,6803941.0,0.6
point_1824,1589028.5,6803938.0,0.6
point_1825,1589028.0,6803935.5,0.6
point_1826,1589027.5,6803932.0,0.6
point_1827,1589027.0,6803929.0,0.6
point_1828,1589026.5,6803926.0,0.6
point_1829,1589026.0,6803923.0,0.6
point_1830,1589025.5,6803920.0,0.6
point_1831,1589025.0,6803917.0,0.6
point_1832,1589024.5,6803914.0,0.6
point_1833,1589024.125,6803911.0,0.6
point_1834,1589023.625,6803907.5,0.6
point_1835,1589023.125,6803905.0,0.6
point_1836,1589022.625,6803901.5,0.6
point_1837,1589022.125,6803899.0,0.6
point_1838,1589021.625,6803895.5,0.6
point_1839,1589021.125,6803893.0,0.6
point_1840,1589020.625,6803889.5,0.6
point_1841,1589020.125,6803887.0,0.6
point_1842,1589019.625,6803883.5,0.6
point_1843,1589019.125,6803881.0,0.6
point_1844,1589018.625,6803877.5,0.6
point_1845,1589018.125,6803875.0,0.6
point_1846,1589017.75,6803871.5,0.6
point_1847,1589017.125,6803869.0,0.6
point_1848,1589016.75,6803865.5,0.6
point_1849,1589016.125,6803863.0,0.6
point_1850,1589036.875,6803971.0,0.6
point_1851,1589036.375,6803967.5,0.6
point_1852,1589035.875,6803965.0,0.6
point_1853,1589035.375,6803961.5,0.6
point_1854,1589034.875,6803959.0,0.6
point_1855,1589034.375,6803955.5,0.6
point_1856,1589033.875,6803953.0,0.6
point_1857,1589033.375,6803949.5,0.6
point_1858,1589032.875,6803947.0,0.6
point_1859,1589032.5,6803943.5,0.6
point_1860,1589032.0,6803941.0,0.6
point_1861,1589031.5,6803937.5,0.6
point_1862,1589031.0,6803935.0,0.6
point_1863,1589030.5,6803931.5,0.6
point_1864,1589030.0,6803929.0,0.6
point_1865,1589029.5,6803925.5,0.6
point_1866,1589029.0,6803923.0,0.6
point_1867,1589028.5,6803919.5,0.6
point_1868,1589028.0,6803917.0,0.6
point_1869,1589027.5,6803913.5,0.6
point_1870,1589027.0,6803910.0,0.6
point_1871,1589026.5,6803907.5,0.6
point_1872,1589026.0,6803905.0,0.6
point_1873,1589025.5,6803901.0,0.6
point_1874,1589025.125,6803898.0,0.6
point_1875,1589024.625,6803895.5,0.6
point_1876,1589024.125,6803892.0,0.6
point_1877,1589023.625,6803889.0,0.6
point_1878,1589023.125,6803886.0,0.6
point_1879,1589022.625,6803883.5,0.6
point_1880,1589022.125,6803880.0,0.6
point_1881,1589021.625,6803877.0,0.6
point_1882,1589021.125,6803874.0,0.6
point_1883,1589020.625,6803871.5,0.6
point_1884,1589020.125,6803868.0,0.6
point_1885,1589019.625,6803865.0,0.6
point_1886,1589019.125,6803862.0,0.6
point_1887,1589039.875,6803971.0,0.6
point_1888,1589039.375,6803967.5,0.6
point_1889,1589038.875,6803965.0,0.6
point_1890,1589038.375,6803961.5,0.6
point_1891,1589037.875,6803958.0,0.6
point_1892,1589037.375,6803955.5,0.6
point_1893,1589036.875,6803952.0,0.6
point_1894,1589036.375,6803949.0,0.6
point_1895,1589035.875,6803946.0,0.6
point_1896,1589035.375,6803943.5,0.6
point_1897,1589034.875,6803940.0,0.6
point_1898,1589034.375,6803937.0,0.6
point_1899,1589033.875,6803934.0,0.6
point_1900,1589033.5,6803931.5,0.6
point_1901,1589033.0,6803928.0,0.6
point_1902,1589032.5,6803925.0,0.6
point_1903,1589032.0,6803922.0,0.6
point_1904,1589031.5,6803919.5,0.6
point_1905,1589031.0,6803916.0,0.6
point_1906,1589030.5,6803913.0,0.6
point_1907,1589030.0,6803910.0,0.6
point_1908,1589029.5,6803907.5,0.6
point_1909,1589029.0,6803904.0,0.6
point_1910,1589028.5,6803901.0,0.6
point_1911,1589028.0,6803898.0,0.6
point_1912,1589027.5,6803895.0,0.6
point_1913,1589027.0,6803892.0,0.6
point_1914,1589026.5,6803889.0,0.6
point_1915,1589026.0,6803886.0,0.6
point_1916,1589025.5,6803883.0,0.6
point_1917,1589025.0,6803879.5,0.6
point_1918,1589024.5,6803877.0,0.6
point_1919,1589024.0,6803873.5,0.6
point_1920,1589023.5,6803871.0,0.6
point_1921,1589023.125,6803867.5,0.6
point_1922,1589022.625,6803865.0,0.6
point_1923,1589022.125,6803861.5,0.6
point_1924,1589042.875,6803970.0,0.6
point_1925,1589042.375,6803967.5,0.6
point_1926,1589041.875,6803964.0,0.6
point_1927,1589041.375,6803961.0,0.6
point_1928,1589040.875,6803958.0,0.6
point_1929,1589040.375,6803955.0,0.6
point_1930,1589039.875,6803952.0,0.6
point_1931,1589039.375,6803949.0,0.6
point_1932,1589038.875,6803946.0,0.6
point_1933,1589038.375,6803943.0,0.6
point_1934,1589037.875,6803939.5,0.6
point_1935,1589037.375,6803937.0,0.6
point_1936,1589036.875,6803933.5,0.6
point_1937,1589036.375,6803931.0,0.6
point_1938,1589035.875,6803927.5,0.6
point_1939,1589035.375,6803925.0,0.6
point_1940,1589034.875,6803921.5,0.6
point_1941,1589034.375,6803919.0,0.6
point_1942,1589033.875,6803915.5,0.6
point_1943,1589033.375,6803913.0,0.6
point_1944,1589033.0,6803909.5,0.6
point_1945,1589032.5,6803907.0,0.6
point_1946,1589032.0,6803903.5,0.6
point_1947,1589031.5,6803901.0,0.6
point_1948,1589031.0,6803897.5,0.6
point_1949,1589030.5,6803895.0,0.6
point_1950,1589030.0,6803891.5,0.6
point_1951,1589029.5,6803889.0,0.6
point_1952,1589029.0,6803885.5,0.6
point_1953,1589028.5,6803882.0,0.6
point_1954,1589028.0,6803879.5,0.6
point_1955,1589027.5,6803877.0,0.6
point_1956,1589027.0,6803873.5,0.6
point_1957,1589026.5,6803870.0,0.6
point_1958,1589026.0,6803867.5,0.6
point_1959,1589025.5,6803864.0,0.6
point_1960,1589025.0,6803861.0,0.6
point_1961,1589045.875,6803969.5,0.6
point_1962,1589045.375,6803967.0,0.6
point_1963,1589044.875,6803963.5,0.6
point_1964,1589044.375,6803961.0,0.6
point_1965,1589043.875,6803957.5,0.6
point_1966,1589043.375,6803955.0,0.6
point_1967,1589042.875,6803951.5,0.6
point_1968,1589042.375,6803949.0,0.6
point_1969,1589041.875,6803945.5,0.6
point_1970,1589041.375,6803943.0,0.6
point_1971,1589040.875,6803939.5,0.6
point_1972,1589040.375,6803937.0,0.6
point_1973,1589039.875,6803933.5,0.6
point_1974,1589039.375,6803930.0,0.6
point_1975,1589038.875,6803927.5,0.6
point_1976,1589038.375,6803924.0,0.6
point_1977,1589037.875,6803921.0,0.6
point_1978,1589037.375,6803918.0,0.6
point_1979,1589036.875,6803915.5,0.6
point_1980,1589036.375,6803912.0,0.6
point_1981,1589035.875,6803909.0,0.6
point_1982,1589035.375,6803906.0,0.6
point_1983,1589034.875,6803903.5,0.6
point_1984,1589034.375,6803900.0,0.6
point_1985,1589033.875,6803897.0,0.6
point_1986,1589033.375,6803894.0,0.6
point_1987,1589032.875,6803891.5,0.6
point_1988,1589032.375,6803888.0,0.6
point_1989,1589031.875,6803885.0,0.6
point_1990,1589031.375,6803882.0,0.6
point_1991,1589030.875,6803879.5,0.6
point_1992,1589030.375,6803876.0,0.6
point_1993,1589029.875,6803873.0,0.6
point_1994,1589029.375,6803870.0,0.6
point_1995,1589028.875,6803867.0,0.6
point_1996,1589028.375,6803864.0,0.6
point_1997,1589027.875,6803861.0,0.6
point_1998,1589048.875,6803969.0,0.6
point_1999,1589048.375,6803966.0,0.6
point_2000,1589047.875,6803963.5,0.6
point_2001,1589047.375,6803960.0,0.6
point_2002,1589046.875,6803957.0,0.6
point_2003,1589046.375,6803954.0,0.6
point_2004,1589045.875,6803951.5,0.6
point_2005,1589045.375,6803948.0,0.6
point_2006,1589044.875,6803945.0,0.6
point_2007,1589044.375,6803942.0,0.6
point_2008,1589043.875,6803939.5,0.6
point_2009,1589043.375,6803936.0,0.6
point_2010,1589042.875,6803933.0,0.6
point_2011,1589042.375,6803930.0,0.6
point_2012,1589041.875,6803927.0,0.6
point_2013,1589041.375,6803924.0,0.6
point_2014,1589040.875,6803921.0,0.6
point_2015,1589040.375,6803918.0,0.6
point_2016,1589039.75,6803915.0,0.6
point_2017,1589039.25,6803911.5,0.6
point_2018,1589038.75,6803909.0,0.6
point_2019,1589038.25,6803905.5,0.6
point_2020,1589037.75,6803903.0,0.6
point_2021,1589037.25,6803899.5,0.6
point_2022,1589036.75,6803897.0,0.6
point_2023,1589036.25,6803893.5,0.6
point_2024,1589035.75,6803891.0,0.6
point_2025,1589035.25,6803887.5,0.6
point_2026,1589034.75,6803885.0,0.6
point_2027,1589034.25,6803881.5,0.6
point_2028,1589033.75,6803879.0,0.6
point_2029,1589033.25,6803875.5,0.6
point_2030,1589032.75,6803873.0,0.6
point_2031,1589032.25,6803869.5,0.6
point_2032,1589031.75,6803867.0,0.6
point_2033,1589031.25,6803863.5,0.6
point_2034,1589030.75,6803861.0,0.6
point_2035,1589051.875,6803969.0,0.6
point_2036,1589051.375,6803965.5,0.6
point_2037,1589050.875,6803963.0,0.6
point_2038,1589050.375,6803959.5,0.6
point_2039,1589049.875,6803957.0,0.6
point_2040,1589049.375,6803953.5,0.6
point_2041,1589048.875,6803951.0,0.6
point_2042,1589048.375,6803947.5,0.6
point_2043,1589047.875,6803945.0,0.6
point_2044,1589047.25,6803941.5,0.6
point_2045,1589046.75,6803939.0,0.6
point_2046,1589046.25,6803935.5,0.6
point_2047,1589045.75,6803933.0,0.6
point_2048,1589045.25,6803929.5,0.6
point_2049,1589044.75,6803927.0,0.6
point_2050,1589044.25,6803923.5,0.6
point_2051,1589043.75,6803921.0,0.6
point_2052,1589043.25,6803917.5,0.6
point_2053,1589042.75,6803915.0,0.6
point_2054,1589042.25,6803911.5,0.6
point_2055,1589041.75,6803909.0,0.6
point_2056,1589041.25,6803905.5,0.6
point_2057,1589040.75,6803902.0,0.6
point_2058,1589040.25,6803899.5,0.6
point_2059,1589039.75,6803896.0,0.6
point_2060,1589039.25,6803893.0,0.6
point_2061,1589038.75,6803890.0,0.6
point_2062,1589038.25,6803887.5,0.6
point_2063,1589037.75,6803884.0,0.6
point_2064,1589037.25,6803881.0,0.6
point_2065,1589036.75,6803878.0,0.6
point_2066,1589036.25,6803875.5,0.6
point_2067,1589035.75,6803872.0,0.6
point_2068,1589035.25,6803869.0,0.6
point_2069,1589034.75,6803866.0,0.6
point_2070,1589034.25,6803863.5,0.6
point_2071,1589033.75,6803860.0,0.6
point_2072,1589054.875,6803969.0,0.6
point_2073,1589054.375,6803965.5,0.6
point_2074,1589053.875,6803962.0,0.6
point_2075,1589053.375,6803959.5,0.6
point_2076,1589052.875,6803956.0,0.6
point_2077,1589052.375,6803953.0,0.6
point_2078,1589051.75,6803950.0,0.6
point_2079,1589051.25,6803947.5,0.6
point_2080,1589050.75,6803944.0,0.6
point_2081,1589050.25,6803941.0,0.6
point_2082,1589049.75,6803938.0,0.6
point_2083,1589049.25,6803935.5,0.6
point_2084,1589048.75,6803932.0,0.6
point_2085,1589048.25,6803929.0,0.6
point_2086,1589047.75,6803926.0,0.6
point_2087,1589047.25,6803923.5,0.6
point_2088,1589046.75,6803920.0,0.6
point_2089,1589046.25,6803917.0,0.6
point_2090,1589045.75,6803914.0,0.6
point_2091,1589045.25,6803911.5,0.6
point_2092,1589044.75,6803908.0,0.6
point_2093,1589044.25,6803905.0,0.6
point_2094,1589043.75,6803902.0,0.6
point_2095,1589043.25,6803899.5,0.6
point_2096,1589042.75,6803896.0,0.6
point_2097,1589042.25,6803893.0,0.6
point_2098,1589041.75,6803890.0,0.6
point_2099,1589041.125,6803887.0,0.6
point_2100,1589040.75,6803884.0,0.6
point_2101,1589040.125,6803881.0,0.6
point_2102,1589039.75,6803877.5,0.6
point_2103,1589039.125,6803875.0,0.6
point_2104,1589038.75,6803871.5,0.6
point_2105,1589038.125,6803869.0,0.6
point_2106,1589037.75,6803865.5,0.6
point_2107,1589037.125,6803863.0,0.6
point_2108,1589036.75,6803859.5,0.6
point_2109,1589057.875,6803968.0,0.6
point_2110,1589057.375,6803965.0,0.6
point_2111,1589056.875,6803962.0,0.6
point_2112,1589056.375,6803959.0,0.6
point_2113,1589055.75,6803956.0,0.6
point_2114,1589055.25,6803953.0,0.6
point_2115,1589054.75,6803950.0,0.6
point_2116,1589054.25,6803947.0,0.6
point_2117,1589053.75,6803943.5,0.6
point_2118,1589053.25,6803941.0,0.6
point_2119,1589052.75,6803937.5,0.6
point_2120,1589052.25,6803935.0,0.6
point_2121,1589051.75,6803931.5,0.6
point_2122,1589051.25,6803929.0,0.6
point_2123,1589050.75,6803925.5,0.6
point_2124,1589050.25,6803923.0,0.6
point_2125,1589049.75,6803919.5,0.6
point_2126,1589049.25,6803917.0,0.6
point_2127,1589048.75,6803913.5,0.6
point_2128,1589048.25,6803911.0,0.6
point_2129,1589047.75,6803907.5,0.6
point_2130,1589047.125,6803905.0,0.6
point_2131,1589046.75,6803901.5,0.6
point_2132,1589046.125,6803899.0,0.6
point_2133,1589045.75,6803895.5,0.6
point_2134,1589045.125,6803893.0,0.6
point_2135,1589044.625,6803889.5,0.6
point_2136,1589044.125,6803887.0,0.6
point_2137,1589043.625,6803883.5,0.6
point_2138,1589043.125,6803881.0,0.6
point_2139,1589042.625,6803877.5,0.6
point_2140,1589042.125,6803874.0,0.6
point_2141,1589041.625,6803871.5,0.6
point_2142,1589041.125,6803868.0,0.6
point_2143,1589040.625,6803865.0,0.6
point_2144,1589040.125,6803862.0,0.6
point_2145,1589039.625,6803859.5,0.6
point_2146,1589060.875,6803967.5,0.6
point_2147,1589060.375,6803965.0,0.6
point_2148,1589059.875,6803961.5,0.6
point_2149,1589059.25,6803959.0,0.6
point_2150,1589058.75,6803955.5,0.6
point_2151,1589058.25,6803953.0,0.6
point_2152,1589057.75,6803949.5,0.6
point_2153,1589057.25,6803947.0,0.6
point_2154,1589056.75,6803943.5,0.6
point_2155,1589056.25,6803941.0,0.6
point_2156,1589055.75,6803937.5,0.6
point_2157,1589055.25,6803934.0,0.6
point_2158,1589054.75,6803931.5,0.6
point_2159,1589054.25,6803928.0,0.6
point_2160,1589053.75,6803925.0,0.6
point_2161,1589053.25,6803922.0,0.6
point_2162,1589052.75,6803919.5,0.6
point_2163,1589052.125,6803916.0,0.6
point_2164,1589051.75,6803913.0,0.6
point_2165,1589051.125,6803910.0,0.6
point_2166,1589050.625,6803907.5,0.6
point_2167,1589050.125,6803904.0,0.6
point_2168,1589049.625,6803901.0,0.6
point_2169,1589049.125,6803898.0,0.6
point_2170,1589048.625,6803895.5,0.6
point_2171,1589048.125,6803892.0,0.6
point_2172,1589047.625,6803889.0,0.6
point_2173,1589047.125,6803886.0,0.6
point_2174,1589046.625,6803883.5,0.6
point_2175,1589046.125,6803880.0,0.6
point_2176,1589045.625,6803877.0,0.6
point_2177,1589045.125,6803874.0,0.6
point_2178,1589044.625,6803871.5,0.6
point_2179,1589044.0,6803868.0,0.6
point_2180,1589043.5,6803865.0,0.6
point_2181,1589043.0,6803862.0,0.6
point_2182,1589042.5,6803859.0,0.6
point_2183,1589063.875,6803967.5,0.6
point_2184,1589063.375,6803964.0,0.6
point_2185,1589062.75,6803961.0,0.6
point_2186,1589062.25,6803958.0,0.6
point_2187,1589061.75,6803955.5,0.6
point_2188,1589061.25,6803952.0,0.6
point_2189,1589060.75,6803949.0,0.6
point_2190,1589060.25,6803946.0,0.6
point_2191,1589059.75,6803943.5,0.6
point_2192,1589059.25,6803940.0,0.6
point_2193,1589058.75,6803937.0,0.6
point_2194,1589058.25,6803934.0,0.6
point_2195,1589057.75,6803931.5,0.6
point_2196,1589057.125,6803928.0,0.6
point_2197,1589056.75,6803925.0,0.6
point_2198,1589056.125,6803922.0,0.6
point_2199,1589055.625,6803919.0,0.6
point_2200,1589055.125,6803916.0,0.6
point_2201,1589054.625,6803913.0,0.6
point_2202,1589054.125,6803909.5,0.6
point_2203,1589053.625,6803907.0,0.6
point_2204,1589053.125,6803903.5,0.6
point_2205,1589052.625,6803901.0,0.6
point_2206,1589052.125,6803897.5,0.6
point_2207,1589051.625,6803895.0,0.6
point_2208,1589051.125,6803891.5,0.6
point_2209,1589050.625,6803889.0,0.6
point_2210,1589050.0,6803885.5,0.6
point_2211,1589049.5,6803883.0,0.6
point_2212,1589049.0,6803879.5,0.6
point_2213,1589048.5,6803877.0,0.6
point_2214,1589048.0,6803873.5,0.6
point_2215,1589047.5,6803871.0,0.6
point_2216,1589047.0,6803867.5,0.6
point_2217,1589046.5,6803865.0,0.6
point_2218,1589046.0,6803861.5,0.6
point_2219,1589045.5,6803859.0,0.6
point_2220,1589066.875,6803967.0,0.6
point_2221,1589066.375,6803963.5,0.6
point_2222,1589065.75,6803961.0,0.6
point_2223,1589065.25,6803957.5,0.6
point_2224,1589064.75,6803955.0,0.6
point_2225,1589064.25,6803951.5,0.6
point_2226,1589063.75,6803949.0,0.6
point_2227,1589063.25,6803945.5,0.6
point_2228,1589062.75,6803943.0,0.6
point_2229,1589062.25,6803939.5,0.6
point_2230,1589061.75,6803937.0,0.6
point_2231,1589061.125,6803933.5,0.6
point_2232,1589060.75,6803931.0,0.6
point_2233,1589060.125,6803927.5,0.6
point_2234,1589059.625,6803925.0,0.6
point_2235,1589059.125,6803921.5,0.6
point_2236,1589058.625,6803919.0,0.6
point_2237,1589058.125,6803915.5,0.6
point_2238,1589057.625,6803913.0,0.6
point_2239,1589057.125,6803909.5,0.6
point_2240,1589056.625,6803906.0,0.6
point_2241,1589056.125,6803903.5,0.6
point_2242,1589055.5,6803900.0,0.6
point_2243,1589055.0,6803897.0,0.6
point_2244,1589054.5,6803894.0,0.6
point_2245,1589054.0,6803891.5,0.6
point_2246,1589053.5,6803888.0,0.6
point_2247,1589053.0,6803885.0,0.6
point_2248,1589052.5,6803882.0,0.6
point_2249,1589052.0,6803879.5,0.6
point_2250,1589051.5,6803876.0,0.6
point_2251,1589051.0,6803873.0,0.6
point_2252,1589050.375,6803870.0,0.6
point_2253,1589049.875,6803867.5,0.6
point_2254,1589049.375,6803864.0,0.6
point_2255,1589048.875,6803861.0,0.6
point_2256,1589048.25,6803858.0,0.6
point_2257,1589069.875,6803966.0,0.6
point_2258,1589069.25,6803963.5,0.6
point_2259,1589068.75,6803960.0,0.6
point_2260,1589068.25,6803957.0,0.6
point_2261,1589067.75,6803954.0,0.6
point_2262,1589067.25,6803951.5,0.6
point_2263,1589066.75,6803948.0,0.6
point_2264,1589066.25,6803945.0,0.6
point_2265,1589065.75,6803942.0,0.6
point_2266,1589065.25,6803939.5,0.6
point_2267,1589064.75,6803936.0,0.6
point_2268,1589064.125,6803933.0,0.6
point_2269,1589063.625,6803930.0,0.6
point_2270,1589063.125,6803927.5,0.6
point_2271,1589062.625,6803924.0,0.6
point_2272,1589062.125,6803921.0,0.6
point_2273,1589061.625,6803918.0,0.6
point_2274,1589061.125,6803915.5,0.6
point_2275,1589060.625,6803912.0,0.6
point_2276,1589060.0,6803909.0,0.6
point_2277,1589059.5,6803906.0,0.6
point_2278,1589059.0,6803903.5,0.6
point_2279,1589058.5,6803900.0,0.6
point_2280,1589058.0,6803897.0,0.6
point_2281,1589057.5,6803894.0,0.6
point_2282,1589057.0,6803891.0,0.6
point_2283,1589056.5,6803888.0,0.6
point_2284,1589055.875,6803885.0,0.6
point_2285,1589055.375,6803882.0,0.6
point_2286,1589054.875,6803879.0,0.6
point_2287,1589054.375,6803875.5,0.6
point_2288,1589053.75,6803873.0,0.6
point_2289,1589053.25,6803869.5,0.6
point_2290,1589052.75,6803867.0,0.6
point_2291,1589052.25,6803863.5,0.6
point_2292,1589051.75,6803861.0,0.6
point_2293,1589051.25,6803857.5,0.6
point_2294,1589072.875,6803966.0,0.6
point_2295,1589072.25,6803963.0,0.6
point_2296,1589071.75,6803960.0,0.6
point_2297,1589071.25,6803957.0,0.6
point_2298,1589070.75,6803954.0,0.6
point_2299,1589070.25,6803951.0,0.6
point_2300,1589069.75,6803947.5,0.6
point_2301,1589069.25,6803945.0,0.6
point_2302,1589068.75,6803941.5,0.6
point_2303,1589068.125,6803939.0,0.6
point_2304,1589067.625,6803935.5,0.6
point_2305,1589067.125,6803933.0,0.6
point_2306,1589066.625,6803929.5,0.6
point_2307,1589066.125,6803927.0,0.6
point_2308,1589065.625,6803923.5,0.6
point_2309,1589065.125,6803921.0,0.6
point_2310,1589064.5,6803917.5,0.6
point_2311,1589064.0,6803915.0,0.6
point_2312,1589063.5,6803911.5,0.6
point_2313,1589063.0,6803909.0,0.6
point_2314,1589062.5,6803905.5,0.6
point_2315,1589062.0,6803903.0,0.6
point_2316,1589061.5,6803899.5,0.6
point_2317,1589061.0,6803897.0,0.6
point_2318,1589060.375,6803893.5,0.6
point_2319,1589059.875,6803891.0,0.6
point_2320,1589059.375,6803887.5,0.6
point_2321,1589058.875,6803885.0,0.6
point_2322,1589058.25,6803881.5,0.6
point_2323,1589057.75,6803878.0,0.6
point_2324,1589057.25,6803875.5,0.6
point_2325,1589056.75,6803873.0,0.6
point_2326,1589056.25,6803869.5,0.6
point_2327,1589055.75,6803866.0,0.6
point_2328,1589055.25,6803863.5,0.6
point_2329,1589054.75,6803860.0,0.6
point_2330,1589054.125,6803857.0,0.6
point_2331,1589075.875,6803965.5,0.6
point_2332,1589075.25,6803963.0,0.6
point_2333,1589074.75,6803959.5,0.6
point_2334,1589074.25,6803957.0,0.6
point_2335,1589073.75,6803953.5,0.6
point_2336,1589073.25,6803951.0,0.6
point_2337,1589072.75,6803947.5,0.6
point_2338,1589072.25,6803945.0,0.6
point_2339,1589071.75,6803941.5,0.6
point_2340,1589071.125,6803938.0,0.6
point_2341,1589070.625,6803935.5,0.6
point_2342,1589070.125,6803932.0,0.6
point_2343,1589069.625,6803929.0,0.6
point_2344,1589069.125,6803926.0,0.6
point_2345,1589068.5,6803923.5,0.6
point_2346,1589068.0,6803920.0,0.6
point_2347,1589067.5,6803917.0,0.6
point_2348,1589067.0,6803914.0,0.6
point_2349,1589066.5,6803911.5,0.6
point_2350,1589066.0,6803908.0,0.6
point_2351,1589065.5,6803905.0,0.6
point_2352,1589064.875,6803902.0,0.6
point_2353,1589064.375,6803899.5,0.6
point_2354,1589063.875,6803896.0,0.6
point_2355,1589063.375,6803893.0,0.6
point_2356,1589062.75,6803890.0,0.6
point_2357,1589062.25,6803887.5,0.6
point_2358,1589061.75,6803884.0,0.6
point_2359,1589061.25,6803881.0,0.6
point_2360,1589060.75,6803878.0,0.6
point_2361,1589060.25,6803875.5,0.6
point_2362,1589059.75,6803872.0,0.6
point_2363,1589059.125,6803869.0,0.6
point_2364,1589058.75,6803866.0,0.6
point_2365,1589058.125,6803863.5,0.6
point_2366,1589057.625,6803860.0,0.6
point_2367,1589057.125,6803857.0,0.6
point_2368,1589078.875,6803965.0,0.6
point_2369,1589078.25,6803962.0,0.6
point_2370,1589077.75,6803959.5,0.6
point_2371,1589077.25,6803956.0,0.6
point_2372,1589076.75,6803953.0,0.6
point_2373,1589076.25,6803950.0,0.6
point_2374,1589075.75,6803947.5,0.6
point_2375,1589075.125,6803944.0,0.6
point_2376,1589074.625,6803941.0,0.6
point_2377,1589074.125,6803938.0,0.6
point_2378,1589073.625,6803935.5,0.6
point_2379,1589073.125,6803932.0,0.6
point_2380,1589072.625,6803929.0,0.6
point_2381,1589072.0,6803926.0,0.6
point_2382,1589071.5,6803923.0,0.6
point_2383,1589071.0,6803920.0,0.6
point_2384,1589070.5,6803917.0,0.6
point_2385,1589070.0,6803913.5,0.6
point_2386,1589069.5,6803911.0,0.6
point_2387,1589068.875,6803907.5,0.6
point_2388,1589068.375,6803905.0,0.6
point_2389,1589067.875,6803901.5,0.6
point_2390,1589067.25,6803899.0,0.6
point_2391,1589066.75,6803895.5,0.6
point_2392,1589066.25,6803893.0,0.6
point_2393,1589065.75,6803889.5,0.6
point_2394,1589065.25,6803887.0,0.6
point_2395,1589064.75,6803883.5,0.6
point_2396,1589064.25,6803881.0,0.6
point_2397,1589063.75,6803877.5,0.6
point_2398,1589063.125,6803875.0,0.6
point_2399,1589062.75,6803871.5,0.6
point_2400,1589062.125,6803869.0,0.6
point_2401,1589061.625,6803865.5,0.6
point_2402,1589061.125,6803863.0,0.6
point_2403,1589060.625,6803859.5,0.6
point_2404,1589060.125,6803857.0,0.6
point_2405,1589081.875,6803965.0,0.6
point_2406,1589081.25,6803961.5,0.6
point_2407,1589080.75,6803959.0,0.6
point_2408,1589080.25,6803955.5,0.6
point_2409,1589079.75,6803953.0,0.6
point_2410,1589079.25,6803949.5,0.6
point_2411,1589078.75,6803947.0,0.6
point_2412,1589078.125,6803943.5,0.6
point_2413,1589077.625,6803941.0,0.6
point_2414,1589077.125,6803937.5,0.6
point_2415,1589076.625,6803935.0,0.6
point_2416,1589076.125,6803931.5,0.6
point_2417,1589075.5,6803929.0,0.6
point_2418,1589075.0,6803925.5,0.6
point_2419,1589074.5,6803923.0,0.6
point_2420,1589074.0,6803919.5,0.6
point_2421,1589073.5,6803917.0,0.6
point_2422,1589072.875,6803913.5,0.6
point_2423,1589072.375,6803910.0,0.6
point_2424,1589071.875,6803907.5,0.6
point_2425,1589071.375,6803905.0,0.6
point_2426,1589070.75,6803901.5,0.6
point_2427,1589070.25,6803898.0,0.6
point_2428,1589069.75,6803895.5,0.6
point_2429,1589069.25,6803892.0,0.6
point_2430,1589068.75,6803889.0,0.6
point_2431,1589068.25,6803886.0,0.6
point_2432,1589067.75,6803883.5,0.6
point_2433,1589067.125,6803880.0,0.6
point_2434,1589066.625,6803877.0,0.6
point_2435,1589066.125,6803874.0,0.6
point_2436,1589065.625,6803871.5,0.6
point_2437,1589065.125,6803868.0,0.6
point_2438,1589064.5,6803865.0,0.6
point_2439,1589064.0,6803862.0,0.6
point_2440,1589063.5,6803859.5,0.6
point_2441,1589063.0,6803856.0,0.6